District Name,Market Name,Variety,Group,Arrivals (Tonnes),Min Price (Rs./Quintal),Max Price (Rs./Quintal),Modal Price (Rs./Quintal),Reported Date
Moga,Ajitwal,Other,Cereals,2.2,2125.0,2125,2125,24-May-23
Moga,Ajitwal,Other,Cereals,2.2,2125.0,2125,2125,23-May-23
Moga,Ajitwal,Other,Cereals,1.65,2125.0,2125,2125,19-May-23
Moga,Ajitwal,Other,Cereals,19.85,2125.0,2125,2125,18-May-23
Moga,Ajitwal,Other,Cereals,25.7,2125.0,2125,2125,17-May-23
Moga,Ajitwal,Other,Cereals,244,2125.0,2125,2125,16-May-23
Moga,Ajitwal,Other,Cereals,150,2125.0,2125,2125,15-May-23
Moga,Ajitwal,Other,Cereals,18.5,2125.0,2125,2125,14-May-23
Moga,Ajitwal,Other,Cereals,110.6,2125.0,2125,2125,12-May-23
Moga,Ajitwal,Other,Cereals,39.65,2125.0,2125,2125,11-May-23
Moga,Ajitwal,Other,Cereals,25,2125.0,2125,2125,10-May-23
Moga,Ajitwal,Other,Cereals,85,2125.0,2125,2125,09-May-23
Moga,Ajitwal,Other,Cereals,185,2125.0,2125,2125,08-May-23
Moga,Ajitwal,Other,Cereals,181.9,2125.0,2125,2125,07-May-23
Moga,Ajitwal,Other,Cereals,90,2125.0,2125,2125,06-May-23
Moga,Ajitwal,Other,Cereals,105,2125.0,2125,2125,05-May-23
Moga,Ajitwal,Other,Cereals,240,2125.0,2125,2125,04-May-23
Moga,Ajitwal,Other,Cereals,165,2125.0,2125,2125,03-May-23
Moga,Ajitwal,Other,Cereals,669.65,2125.0,2125,2125,02-May-23
Moga,Ajitwal,Other,Cereals,605,2125.0,2125,2125,01-May-23
Moga,Ajitwal,Other,Cereals,319.8,2125.0,2125,2125,30-Apr-23
Moga,Ajitwal,Other,Cereals,"1,335.00",2125.0,2125,2125,29-Apr-23
Moga,Ajitwal,Other,Cereals,"1,440.00",2125.0,2125,2125,28-Apr-23
Moga,Ajitwal,Other,Cereals,"1,505.00",2125.0,2125,2125,27-Apr-23
Moga,Ajitwal,Other,Cereals,"2,505.00",2125.0,2125,2125,26-Apr-23
Moga,Ajitwal,Other,Cereals,"3,020.00",2125.0,2125,2125,25-Apr-23
Moga,Ajitwal,Other,Cereals,"2,555.00",2125.0,2125,2125,24-Apr-23
Moga,Ajitwal,Other,Cereals,"3,520.00",2125.0,2125,2125,23-Apr-23
Moga,Ajitwal,Other,Cereals,"4,265.00",2125.0,2125,2125,22-Apr-23
Moga,Ajitwal,Other,Cereals,"1,610.00",2125.0,2125,2125,21-Apr-23
Moga,Ajitwal,Other,Cereals,"3,275.00",2125.0,2125,2125,20-Apr-23
Moga,Ajitwal,Other,Cereals,"2,325.00",2125.0,2125,2125,19-Apr-23
Moga,Ajitwal,Other,Cereals,"2,880.00",2125.0,2125,2125,18-Apr-23
Moga,Ajitwal,Other,Cereals,"3,265.00",2125.0,2125,2125,17-Apr-23
Moga,Ajitwal,Other,Cereals,"1,945.00",2125.0,2125,2125,16-Apr-23
Moga,Ajitwal,Other,Cereals,"1,010.00",2125.0,2125,2125,15-Apr-23
Moga,Ajitwal,Other,Cereals,83.25,1975.0,1975,1975,07-May-21
Moga,Ajitwal,Other,Cereals,451.05,1975.0,1975,1975,06-May-21
Moga,Ajitwal,Other,Cereals,260.6,1975.0,1975,1975,05-May-21
Moga,Ajitwal,Other,Cereals,395.25,1975.0,1975,1975,04-May-21
Moga,Ajitwal,Other,Cereals,632.9,1975.0,1975,1975,03-May-21
Moga,Ajitwal,Other,Cereals,950.4,1975.0,1975,1975,30-Apr-21
Moga,Ajitwal,Other,Cereals,"1,376.30",1975.0,1975,1975,29-Apr-21
Moga,Ajitwal,Other,Cereals,"1,746.60",1975.0,1975,1975,28-Apr-21
Moga,Ajitwal,Other,Cereals,"3,528.45",1975.0,1975,1975,27-Apr-21
Moga,Ajitwal,Other,Cereals,"2,185.10",1975.0,1975,1975,26-Apr-21
Moga,Ajitwal,Other,Cereals,"2,810.00",1975.0,1975,1975,25-Apr-21
Moga,Ajitwal,Other,Cereals,"2,490.00",1975.0,1975,1975,24-Apr-21
Moga,Ajitwal,Other,Cereals,"2,277.40",1975.0,1975,1975,23-Apr-21
Moga,Ajitwal,Other,Cereals,"5,229.80",1975.0,1975,1975,22-Apr-21
Moga,Ajitwal,Other,Cereals,"3,503.70",1975.0,1975,1975,20-Apr-21
Moga,Ajitwal,Other,Cereals,"2,985.00",1975.0,1975,1975,19-Apr-21
Moga,Ajitwal,Other,Cereals,"3,759.00",1975.0,1975,1975,18-Apr-21
Moga,Ajitwal,Other,Cereals,"4,020.00",1975.0,1975,1975,17-Apr-21
Moga,Ajitwal,Other,Cereals,"3,779.00",1975.0,1975,1975,16-Apr-21
Moga,Ajitwal,Other,Cereals,"2,033.00",1975.0,1975,1975,15-Apr-21
Moga,Ajitwal,Other,Cereals,157,1975.0,1975,1975,13-Apr-21
Moga,Ajitwal (Chogawan),Other,Cereals,17.05,2125.0,2125,2125,03-May-23
Moga,Ajitwal (Chogawan),Other,Cereals,70,2125.0,2125,2125,02-May-23
Moga,Ajitwal (Chogawan),Other,Cereals,350,2125.0,2125,2125,28-Apr-23
Moga,Ajitwal (Chogawan),Other,Cereals,15,2125.0,2125,2125,27-Apr-23
Moga,Ajitwal (Chogawan),Other,Cereals,600,2125.0,2125,2125,26-Apr-23
Moga,Ajitwal (Chogawan),Other,Cereals,45,2125.0,2125,2125,25-Apr-23
Moga,Ajitwal (Chogawan),Other,Cereals,420,2125.0,2125,2125,24-Apr-23
Moga,Ajitwal (Chogawan),Other,Cereals,50,2125.0,2125,2125,23-Apr-23
Moga,Ajitwal (Chogawan),Other,Cereals,200,2125.0,2125,2125,22-Apr-23
Moga,Ajitwal (Chogawan),Other,Cereals,325,2125.0,2125,2125,21-Apr-23
Moga,Ajitwal (Chogawan),Other,Cereals,5,2125.0,2125,2125,20-Apr-23
Moga,Ajitwal (Chogawan),Other,Cereals,550,2125.0,2125,2125,19-Apr-23
Moga,Ajitwal (Chogawan),Other,Cereals,300,2125.0,2125,2125,18-Apr-23
Moga,Ajitwal (Chogawan),Other,Cereals,245,2125.0,2125,2125,17-Apr-23
Moga,Ajitwal (Chogawan),Other,Cereals,300,2125.0,2125,2125,16-Apr-23
Moga,Ajitwal (Chogawan),Other,Cereals,192.5,1975.0,1975,1975,06-May-21
Moga,Ajitwal (Chogawan),Other,Cereals,6.3,1975.0,1975,1975,30-Apr-21
Moga,Ajitwal (Chogawan),Other,Cereals,525,1975.0,1975,1975,29-Apr-21
Moga,Ajitwal (Chogawan),Other,Cereals,4.8,1975.0,1975,1975,28-Apr-21
Moga,Ajitwal (Chogawan),Other,Cereals,350,1975.0,1975,1975,27-Apr-21
Moga,Ajitwal (Chogawan),Other,Cereals,78.7,1975.0,1975,1975,25-Apr-21
Moga,Ajitwal (Chogawan),Other,Cereals,820,1975.0,1975,1975,24-Apr-21
Moga,Ajitwal (Chogawan),Other,Cereals,6.5,1975.0,1975,1975,23-Apr-21
Moga,Ajitwal (Chogawan),Other,Cereals,161.9,1975.0,1975,1975,22-Apr-21
Moga,Ajitwal (Chogawan),Other,Cereals,290,1975.0,1975,1975,20-Apr-21
Moga,Ajitwal (Chogawan),Other,Cereals,4.7,1975.0,1975,1975,19-Apr-21
Moga,Ajitwal (Chogawan),Other,Cereals,600,1975.0,1975,1975,18-Apr-21
Moga,Ajitwal (Chogawan),Other,Cereals,6,1975.0,1975,1975,17-Apr-21
Moga,Ajitwal (Chogawan),Other,Cereals,185,1975.0,1975,1975,16-Apr-21
Moga,Ajitwal (Dala),Other,Cereals,2.75,2125.0,2125,2125,03-May-23
Moga,Ajitwal (Dala),Other,Cereals,35,2125.0,2125,2125,02-May-23
Moga,Ajitwal (Dala),Other,Cereals,25,2125.0,2125,2125,01-May-23
Moga,Ajitwal (Dala),Other,Cereals,58.6,2125.0,2125,2125,29-Apr-23
Moga,Ajitwal (Dala),Other,Cereals,25,2125.0,2125,2125,28-Apr-23
Moga,Ajitwal (Dala),Other,Cereals,150,2125.0,2125,2125,27-Apr-23
Moga,Ajitwal (Dala),Other,Cereals,100,2125.0,2125,2125,26-Apr-23
Moga,Ajitwal (Dala),Other,Cereals,175,2125.0,2125,2125,25-Apr-23
Moga,Ajitwal (Dala),Other,Cereals,375,2125.0,2125,2125,24-Apr-23
Moga,Ajitwal (Dala),Other,Cereals,300,2125.0,2125,2125,23-Apr-23
Moga,Ajitwal (Dala),Other,Cereals,225,2125.0,2125,2125,22-Apr-23
Moga,Ajitwal (Dala),Other,Cereals,275,2125.0,2125,2125,21-Apr-23
Moga,Ajitwal (Dala),Other,Cereals,400,2125.0,2125,2125,20-Apr-23
Moga,Ajitwal (Dala),Other,Cereals,575,2125.0,2125,2125,19-Apr-23
Moga,Ajitwal (Dala),Other,Cereals,550,2125.0,2125,2125,18-Apr-23
Moga,Ajitwal (Dala),Other,Cereals,230,2125.0,2125,2125,17-Apr-23
Moga,Ajitwal (Dala),Other,Cereals,70,2125.0,2125,2125,16-Apr-23
Moga,Ajitwal (Dala),Other,Cereals,254.95,1975.0,1975,1975,05-May-21
Moga,Ajitwal (Dala),Other,Cereals,325,1975.0,1975,1975,30-Apr-21
Moga,Ajitwal (Dala),Other,Cereals,550,1975.0,1975,1975,27-Apr-21
Moga,Ajitwal (Dala),Other,Cereals,480,1975.0,1975,1975,24-Apr-21
Moga,Ajitwal (Dala),Other,Cereals,720,1975.0,1975,1975,22-Apr-21
Moga,Ajitwal (Dala),Other,Cereals,750,1975.0,1975,1975,20-Apr-21
Moga,Ajitwal (Dala),Other,Cereals,383,1975.0,1975,1975,18-Apr-21
Moga,Ajitwal (Dala),Other,Cereals,516,1975.0,1975,1975,17-Apr-21
Moga,Ajitwal (Dala),Other,Cereals,250,1975.0,1975,1975,16-Apr-21
Moga,Badhni Kalan,343,Cereals,712,2015.0,2015,2015,11-Apr-22
Moga,Badhni Kallan (Bilaspur),Other,Cereals,210,2015.0,2015,2015,11-Apr-22
Moga,Badhni Kallan (Bilaspur),Other,Cereals,65,1975.0,1975,1975,07-May-21
Moga,Badhni Kallan (Bilaspur),Other,Cereals,100,1975.0,1975,1975,04-May-21
Moga,Badhni Kallan (Bilaspur),Other,Cereals,375,1975.0,1975,1975,03-May-21
Moga,Badhni Kallan (Bilaspur),Other,Cereals,75,1975.0,1975,1975,02-May-21
Moga,Badhni Kallan (Bilaspur),Other,Cereals,150,1975.0,1975,1975,30-Apr-21
Moga,Badhni Kallan (Bilaspur),Other,Cereals,250,1975.0,1975,1975,28-Apr-21
Moga,Badhni Kallan (Bilaspur),Other,Cereals,50,1975.0,1975,1975,27-Apr-21
Moga,Badhni Kallan (Bilaspur),Other,Cereals,300,1975.0,1975,1975,25-Apr-21
Moga,Badhni Kallan (Bilaspur),Other,Cereals,250,1975.0,1975,1975,23-Apr-21
Moga,Badhni Kallan (Bilaspur),Other,Cereals,250,1975.0,1975,1975,21-Apr-21
Moga,Badhni Kallan (Bilaspur),Other,Cereals,100,1975.0,1975,1975,19-Apr-21
Moga,Badhni Kallan (Bilaspur),Other,Cereals,700,1975.0,1975,1975,18-Apr-21
Moga,Badhni Kallan (Bilaspur),Other,Cereals,250,1975.0,1975,1975,17-Apr-21
Moga,Badhni Kallan (Bilaspur),Other,Cereals,250,1975.0,1975,1975,16-Apr-21
Moga,Badhni Kallan (Bilaspur),Other,Cereals,100,1975.0,1975,1975,15-Apr-21
Moga,Badhni Kallan (Bilaspur),Other,Cereals,100,1975.0,1975,1975,14-Apr-21
Moga,Baghapurana,Other,Cereals,12.5,1975.0,1975,1975,14-May-21
Moga,Baghapurana,Other,Cereals,116.8,1975.0,1975,1975,12-May-21
Moga,Baghapurana,Other,Cereals,128.4,1975.0,1975,1975,11-May-21
Moga,Baghapurana,Other,Cereals,132.6,1975.0,1975,1975,10-May-21
Moga,Baghapurana,Other,Cereals,584.9,1975.0,1975,1975,09-May-21
Moga,Baghapurana,Other,Cereals,311.6,1975.0,1975,1975,08-May-21
Moga,Baghapurana,Other,Cereals,"1,058.00",1975.0,1975,1975,07-May-21
Moga,Baghapurana,Other,Cereals,"3,001.10",1975.0,1975,1975,06-May-21
Moga,Baghapurana,Other,Cereals,"4,092.70",1975.0,1975,1975,05-May-21
Moga,Baghapurana,Other,Cereals,"3,231.90",1975.0,1975,1975,04-May-21
Moga,Baghapurana,Other,Cereals,"2,862.30",1975.0,1975,1975,03-May-21
Moga,Baghapurana,Other,Cereals,"2,784.70",1975.0,1975,1975,02-May-21
Moga,Baghapurana,Other,Cereals,"7,055.30",1975.0,1975,1975,01-May-21
Moga,Baghapurana,Other,Cereals,"6,712.80",1975.0,1975,1975,30-Apr-21
Moga,Baghapurana,Other,Cereals,"6,950.00",1975.0,1975,1975,29-Apr-21
Moga,Baghapurana,Other,Cereals,"7,840.00",1975.0,1975,1975,28-Apr-21
Moga,Baghapurana,Other,Cereals,"14,375.00",1975.0,1975,1975,27-Apr-21
Moga,Baghapurana,Other,Cereals,"7,420.00",1975.0,1975,1975,26-Apr-21
Moga,Baghapurana,Other,Cereals,"10,390.00",1975.0,1975,1975,25-Apr-21
Moga,Baghapurana,Other,Cereals,"12,410.00",1975.0,1975,1975,24-Apr-21
Moga,Baghapurana,Other,Cereals,"6,750.00",1975.0,1975,1975,23-Apr-21
Moga,Baghapurana,Other,Cereals,"13,835.00",1975.0,1975,1975,22-Apr-21
Moga,Baghapurana,Other,Cereals,"16,725.00",1975.0,1975,1975,21-Apr-21
Moga,Baghapurana,Other,Cereals,"15,315.00",1975.0,1975,1975,20-Apr-21
Moga,Baghapurana,Other,Cereals,"9,240.00",1975.0,1975,1975,19-Apr-21
Moga,Baghapurana,Other,Cereals,"20,107.70",1975.0,1975,1975,18-Apr-21
Moga,Baghapurana,Other,Cereals,"8,757.30",1975.0,1975,1975,17-Apr-21
Moga,Baghapurana,Other,Cereals,"16,490.00",1975.0,1975,1975,16-Apr-21
Mohali,Banur,Other,Cereals,0.4,1975.0,1975,1975,07-May-21
Mohali,Banur,Other,Cereals,252,1975.0,1975,1975,04-May-21
Mohali,Banur,Other,Cereals,19,1975.0,1975,1975,03-May-21
Mohali,Banur,Other,Cereals,766,1975.0,1975,1975,30-Apr-21
Mohali,Banur,Other,Cereals,186,1975.0,1975,1975,29-Apr-21
Mohali,Banur,Other,Cereals,958,1975.0,1975,1975,28-Apr-21
Mohali,Banur,Other,Cereals,129,1975.0,1975,1975,27-Apr-21
Mohali,Banur,Other,Cereals,"4,454.00",1975.0,1975,1975,26-Apr-21
Mohali,Banur,Other,Cereals,"11,764.00",1975.0,1975,1975,25-Apr-21
Mohali,Banur,Other,Cereals,930,1975.0,1975,1975,23-Apr-21
Mohali,Banur,Other,Cereals,"1,045.00",1975.0,1975,1975,22-Apr-21
Mohali,Banur,Other,Cereals,"1,280.00",1975.0,1975,1975,21-Apr-21
Mohali,Banur,Other,Cereals,"1,167.00",1975.0,1975,1975,20-Apr-21
Mohali,Banur,Other,Cereals,"2,364.00",1975.0,1975,1975,19-Apr-21
Mohali,Banur,Other,Cereals,"1,844.00",1975.0,1975,1975,18-Apr-21
Mohali,Banur,Other,Cereals,203,1975.0,1975,1975,17-Apr-21
Mohali,Banur,Other,Cereals,"2,174.00",1975.0,1975,1975,16-Apr-21
Mohali,Banur,Other,Cereals,"1,913.00",1975.0,1975,1975,15-Apr-21
Mohali,Banur,Other,Cereals,"1,651.00",1975.0,1975,1975,14-Apr-21
Mohali,Banur,Other,Cereals,"1,611.00",1975.0,1975,1975,13-Apr-21
Mohali,Banur,Other,Cereals,"1,700.00",1975.0,1975,1975,12-Apr-21
Mohali,Banur (Kheragaju),147 Average,Cereals,389,1975.0,1975,1975,04-May-21
Mohali,Banur (Kheragaju),147 Average,Cereals,248,1975.0,1975,1975,02-May-21
Mohali,Banur (Kheragaju),147 Average,Cereals,290,1975.0,1975,1975,30-Apr-21
Mohali,Banur (Kheragaju),147 Average,Cereals,234,1975.0,1975,1975,29-Apr-21
Mohali,Banur (Kheragaju),147 Average,Cereals,659,1975.0,1975,1975,28-Apr-21
Mohali,Banur (Kheragaju),147 Average,Cereals,559,1975.0,1975,1975,27-Apr-21
Mohali,Banur (Kheragaju),147 Average,Cereals,342,1975.0,1975,1975,26-Apr-21
Mohali,Banur (Kheragaju),147 Average,Cereals,"1,139.00",1975.0,1975,1975,25-Apr-21
Mohali,Banur (Kheragaju),147 Average,Cereals,"1,123.00",1975.0,1975,1975,23-Apr-21
Mohali,Banur (Kheragaju),147 Average,Cereals,422,1975.0,1975,1975,22-Apr-21
Mohali,Banur (Kheragaju),147 Average,Cereals,476,1975.0,1975,1975,21-Apr-21
Mohali,Banur (Kheragaju),147 Average,Cereals,907,1975.0,1975,1975,20-Apr-21
Mohali,Banur (Kheragaju),147 Average,Cereals,"1,241.00",1975.0,1975,1975,19-Apr-21
Mohali,Banur (Kheragaju),147 Average,Cereals,834,1975.0,1975,1975,18-Apr-21
Mohali,Banur (Kheragaju),147 Average,Cereals,903,1975.0,1975,1975,17-Apr-21
Mohali,Banur (Kheragaju),147 Average,Cereals,764,1975.0,1975,1975,16-Apr-21
Mohali,Banur (Kheragaju),147 Average,Cereals,"1,182.00",1975.0,1975,1975,15-Apr-21
Mohali,Banur (Kheragaju),147 Average,Cereals,149,1975.0,1975,1975,14-Apr-21
Mohali,Banur (Kheragaju),147 Average,Cereals,812,1975.0,1975,1975,13-Apr-21
Mansa,Bareta,Other,Cereals,25,2125.0,2125,2125,19-May-23
Mansa,Bareta,Other,Cereals,9,2125.0,2125,2125,18-May-23
Mansa,Bareta,Other,Cereals,117,2125.0,2125,2125,16-May-23
Mansa,Bareta,Other,Cereals,139,2125.0,2125,2125,13-May-23
Mansa,Bareta,Other,Cereals,60,2125.0,2125,2125,12-May-23
Mansa,Bareta,Other,Cereals,377,2125.0,2125,2125,11-May-23
Mansa,Bareta,Other,Cereals,5,2125.0,2125,2125,10-May-23
Mansa,Bareta,Other,Cereals,440,2125.0,2125,2125,09-May-23
Mansa,Bareta,Other,Cereals,150,2125.0,2125,2125,08-May-23
Mansa,Bareta,Other,Cereals,175,2125.0,2125,2125,07-May-23
Mansa,Bareta,Other,Cereals,960,2125.0,2125,2125,06-May-23
Mansa,Bareta,Other,Cereals,40,2125.0,2125,2125,05-May-23
Mansa,Bareta,Other,Cereals,980,2125.0,2125,2125,04-May-23
Mansa,Bareta,Other,Cereals,510,2125.0,2125,2125,03-May-23
Mansa,Bareta,Other,Cereals,"1,362.00",2125.0,2125,2125,02-May-23
Mansa,Bareta,Other,Cereals,140,2125.0,2125,2125,01-May-23
Mansa,Bareta,Other,Cereals,974,2125.0,2125,2125,30-Apr-23
Mansa,Bareta,Other,Cereals,790,2125.0,2125,2125,29-Apr-23
Mansa,Bareta,Other,Cereals,"1,025.00",2125.0,2125,2125,28-Apr-23
Mansa,Bareta,Other,Cereals,"1,810.00",2125.0,2125,2125,27-Apr-23
Mansa,Bareta,Other,Cereals,610,2125.0,2125,2125,26-Apr-23
Mansa,Bareta,Other,Cereals,"1,920.00",2125.0,2125,2125,25-Apr-23
Mansa,Bareta,Other,Cereals,"1,290.00",2125.0,2125,2125,24-Apr-23
Mansa,Bareta,Other,Cereals,"2,595.00",2125.0,2125,2125,23-Apr-23
Mansa,Bareta,Other,Cereals,"1,100.00",2125.0,2125,2125,22-Apr-23
Mansa,Bareta,Other,Cereals,"4,470.00",2125.0,2125,2125,21-Apr-23
Mansa,Bareta,Other,Cereals,"2,740.00",2125.0,2125,2125,20-Apr-23
Mansa,Bareta,Other,Cereals,"5,550.00",2125.0,2125,2125,19-Apr-23
Mansa,Bareta,Other,Cereals,"3,700.00",2125.0,2125,2125,18-Apr-23
Mansa,Bareta,Other,Cereals,"6,210.00",2125.0,2125,2125,17-Apr-23
Mansa,Bareta,Other,Cereals,"4,220.00",2125.0,2125,2125,16-Apr-23
Mansa,Bareta,Other,Cereals,"6,485.00",2125.0,2125,2125,15-Apr-23
Mansa,Bareta,Other,Cereals,"8,200.00",2125.0,2125,2125,14-Apr-23
Mansa,Bareta,Other,Cereals,"2,850.00",2125.0,2125,2125,13-Apr-23
Mansa,Bareta,Other,Cereals,850,2015.0,2015,2015,10-Apr-22
Mansa,Bareta,Other,Cereals,98,2015.0,2015,2015,08-Apr-22
Mansa,Bareta,Other,Cereals,27,2015.0,2015,2015,07-Apr-22
Mansa,Bareta,Other,Cereals,13,2015.0,2015,2015,06-Apr-22
Mansa,Bareta,Other,Cereals,12,1975.0,1975,1975,13-May-21
Mansa,Bareta,Other,Cereals,349,1975.0,1975,1975,12-May-21
Mansa,Bareta,Other,Cereals,125,1975.0,1975,1975,11-May-21
Mansa,Bareta,Other,Cereals,100,1975.0,1975,1975,10-May-21
Mansa,Bareta,Other,Cereals,45,1975.0,1975,1975,09-May-21
Mansa,Bareta,Other,Cereals,400,1975.0,1975,1975,08-May-21
Mansa,Bareta,Other,Cereals,"1,934.00",1975.0,1975,1975,07-May-21
Mansa,Bareta,Other,Cereals,630,1975.0,1975,1975,06-May-21
Mansa,Bareta,Other,Cereals,935,1975.0,1975,1975,05-May-21
Mansa,Bareta,Other,Cereals,920,1975.0,1975,1975,04-May-21
Mansa,Bareta,Other,Cereals,"2,295.00",1975.0,1975,1975,03-May-21
Mansa,Bareta,Other,Cereals,"1,837.00",1975.0,1975,1975,02-May-21
Mansa,Bareta,Other,Cereals,915,1975.0,1975,1975,30-Apr-21
Mansa,Bareta,Other,Cereals,925,1975.0,1975,1975,29-Apr-21
Mansa,Bareta,Other,Cereals,"3,120.00",1975.0,1975,1975,28-Apr-21
Mansa,Bareta,Other,Cereals,"2,600.00",1975.0,1975,1975,27-Apr-21
Mansa,Bareta,Other,Cereals,"1,990.00",1975.0,1975,1975,26-Apr-21
Mansa,Bareta,Other,Cereals,"2,875.00",1975.0,1975,1975,25-Apr-21
Mansa,Bareta,Other,Cereals,"2,200.00",1975.0,1975,1975,24-Apr-21
Mansa,Bareta,Other,Cereals,"3,283.00",1975.0,1975,1975,23-Apr-21
Mansa,Bareta,Other,Cereals,"3,170.00",1975.0,1975,1975,22-Apr-21
Mansa,Bareta,Other,Cereals,"2,715.00",1975.0,1975,1975,21-Apr-21
Mansa,Bareta,Other,Cereals,"4,895.00",1975.0,1975,1975,19-Apr-21
Mansa,Bareta,Other,Cereals,"3,089.00",1975.0,1975,1975,18-Apr-21
Mansa,Bareta,Other,Cereals,"3,940.00",1975.0,1975,1975,17-Apr-21
Mansa,Bareta,Other,Cereals,"6,146.00",1975.0,1975,1975,16-Apr-21
Mansa,Bareta,Other,Cereals,"4,350.00",1975.0,1975,1975,15-Apr-21
Mansa,Bareta,Other,Cereals,"4,280.00",1975.0,1975,1975,14-Apr-21
Mansa,Bareta,Other,Cereals,"2,140.00",1975.0,1975,1975,13-Apr-21
Mansa,Bareta,Other,Cereals,"1,385.00",1975.0,1975,1975,12-Apr-21
Muktsar,Bariwala,Other,Cereals,91,2125.0,2125,2125,16-May-23
Muktsar,Bariwala,Other,Cereals,2,2125.0,2125,2125,15-May-23
Muktsar,Bariwala,Other,Cereals,70,2125.0,2125,2125,14-May-23
Muktsar,Bariwala,Other,Cereals,131,2125.0,2125,2125,13-May-23
Muktsar,Bariwala,Other,Cereals,31,2015.0,2015,2015,11-May-22
Muktsar,Bariwala,Other,Cereals,22,2015.0,2015,2015,10-May-22
Muktsar,Bariwala,Other,Cereals,185,2015.0,2015,2015,08-May-22
Muktsar,Bariwala,Other,Cereals,48,2015.0,2015,2015,07-May-22
Muktsar,Bariwala,Other,Cereals,"2,774.00",2015.0,2015,2015,06-May-22
Muktsar,Bariwala,Other,Cereals,"3,634.00",2015.0,2015,2015,05-May-22
Muktsar,Bariwala,Other,Cereals,"2,026.00",2015.0,2015,2015,04-May-22
Muktsar,Bariwala,Other,Cereals,"2,474.00",2015.0,2015,2015,03-May-22
Muktsar,Bariwala,Other,Cereals,"2,205.00",2015.0,2015,2015,01-May-22
Muktsar,Bariwala,Other,Cereals,"1,701.00",2015.0,2020,2015,30-Apr-22
Muktsar,Bariwala,Other,Cereals,"1,790.00",2015.0,2015,2015,29-Apr-22
Muktsar,Bariwala,Other,Cereals,"2,770.00",2015.0,2015,2015,28-Apr-22
Muktsar,Bariwala,Other,Cereals,"4,382.00",2015.0,2015,2015,27-Apr-22
Muktsar,Bariwala,Other,Cereals,"1,994.00",2015.0,2015,2015,26-Apr-22
Muktsar,Bariwala,Other,Cereals,"3,880.00",2015.0,2015,2015,21-Apr-22
Muktsar,Bariwala,Other,Cereals,"3,475.00",2015.0,2015,2015,20-Apr-22
Muktsar,Bariwala,Other,Cereals,"6,124.00",2015.0,2015,2015,19-Apr-22
Muktsar,Bariwala,Other,Cereals,"9,689.00",2015.0,2015,2015,18-Apr-22
Muktsar,Bariwala,Other,Cereals,321,2015.0,2015,2015,16-Apr-22
Muktsar,Bariwala,Other,Cereals,482,2015.0,2015,2015,15-Apr-22
Muktsar,Bariwala,Other,Cereals,630,2015.0,2015,2015,14-Apr-22
Muktsar,Bariwala,Other,Cereals,"2,075.00",2015.0,2020,2020,13-Apr-22
Muktsar,Bariwala,Other,Cereals,505,2015.0,2015,2015,12-Apr-22
Muktsar,Bariwala,Other,Cereals,88,1975.0,1975,1975,11-May-21
Muktsar,Bariwala,Other,Cereals,261,1975.0,1975,1975,10-May-21
Muktsar,Bariwala,Other,Cereals,261,1975.0,1975,1975,09-May-21
Muktsar,Bariwala,Other,Cereals,"1,037.00",1975.0,1975,1975,08-May-21
Muktsar,Bariwala,Other,Cereals,"2,776.00",1975.0,1975,1975,07-May-21
Muktsar,Bariwala,Other,Cereals,722,1975.0,1975,1975,06-May-21
Muktsar,Bariwala,Other,Cereals,"2,598.00",1975.0,1975,1975,05-May-21
Muktsar,Bariwala,Other,Cereals,755,1975.0,1975,1975,02-May-21
Muktsar,Bariwala,Other,Cereals,"3,494.00",1975.0,1975,1975,01-May-21
Muktsar,Bariwala,Other,Cereals,960,1975.0,1975,1975,30-Apr-21
Muktsar,Bariwala,Other,Cereals,"2,471.00",1975.0,1975,1975,29-Apr-21
Muktsar,Bariwala,Other,Cereals,"2,850.00",1975.0,1975,1975,26-Apr-21
Muktsar,Bariwala,Other,Cereals,"1,406.00",1975.0,1975,1975,25-Apr-21
Muktsar,Bariwala,Other,Cereals,"1,406.00",1975.0,1975,1975,24-Apr-21
Muktsar,Bariwala,Other,Cereals,"7,685.00",1975.0,1975,1975,23-Apr-21
Muktsar,Bariwala,Other,Cereals,699,1975.0,1975,1975,21-Apr-21
Muktsar,Bariwala,Other,Cereals,"4,028.00",1975.0,1975,1975,20-Apr-21
Muktsar,Bariwala,Other,Cereals,"7,805.00",1975.0,1975,1975,19-Apr-21
Muktsar,Bariwala,Other,Cereals,"3,305.00",1975.0,1975,1975,18-Apr-21
Muktsar,Bariwala,Other,Cereals,"5,015.00",1975.0,1975,1975,17-Apr-21
Muktsar,Bariwala,Other,Cereals,"2,685.00",1975.0,1975,1975,16-Apr-21
Muktsar,Bariwala,Other,Cereals,"1,385.00",1975.0,1975,1975,15-Apr-21
Muktsar,Bariwala,Other,Cereals,10,1975.0,1975,1975,14-Apr-21
Mansa,Bhikhi,Other,Cereals,138,2125.0,2125,2125,13-May-23
Mansa,Bhikhi,Other,Cereals,60,2125.0,2125,2125,12-May-23
Mansa,Bhikhi,Other,Cereals,501,2125.0,2125,2125,11-May-23
Mansa,Bhikhi,Other,Cereals,30,2125.0,2125,2125,10-May-23
Mansa,Bhikhi,Other,Cereals,686,2125.0,2125,2125,09-May-23
Mansa,Bhikhi,Other,Cereals,205,2125.0,2125,2125,08-May-23
Mansa,Bhikhi,Other,Cereals,204,2125.0,2125,2125,07-May-23
Mansa,Bhikhi,Other,Cereals,494,2125.0,2125,2125,06-May-23
Mansa,Bhikhi,Other,Cereals,608,2125.0,2125,2125,05-May-23
Mansa,Bhikhi,Other,Cereals,778,2125.0,2125,2125,04-May-23
Mansa,Bhikhi,Other,Cereals,"1,147.00",2125.0,2125,2125,03-May-23
Mansa,Bhikhi,Other,Cereals,544,2125.0,2125,2125,02-May-23
Mansa,Bhikhi,Other,Cereals,"1,237.00",2125.0,2125,2125,01-May-23
Mansa,Bhikhi,Other,Cereals,"1,097.00",2125.0,2125,2125,30-Apr-23
Mansa,Bhikhi,Other,Cereals,"2,395.00",2125.0,2125,2125,29-Apr-23
Mansa,Bhikhi,Other,Cereals,"2,455.00",2125.0,2125,2125,28-Apr-23
Mansa,Bhikhi,Other,Cereals,"3,323.00",2125.0,2125,2125,27-Apr-23
Mansa,Bhikhi,Other,Cereals,"2,416.00",2125.0,2125,2125,26-Apr-23
Mansa,Bhikhi,Other,Cereals,"5,033.00",2125.0,2125,2125,25-Apr-23
Mansa,Bhikhi,Other,Cereals,"5,866.00",2125.0,2125,2125,24-Apr-23
Mansa,Bhikhi,Other,Cereals,"6,080.00",2125.0,2125,2125,23-Apr-23
Mansa,Bhikhi,Other,Cereals,"6,580.00",2125.0,2125,2125,22-Apr-23
Mansa,Bhikhi,Other,Cereals,"7,560.00",2125.0,2125,2125,21-Apr-23
Mansa,Bhikhi,Other,Cereals,"9,925.00",2125.0,2130,2125,20-Apr-23
Mansa,Bhikhi,Other,Cereals,"8,515.00",2125.0,2130,2125,19-Apr-23
Mansa,Bhikhi,Other,Cereals,"14,110.00",2125.0,2125,2125,18-Apr-23
Mansa,Bhikhi,Other,Cereals,"2,620.00",2125.0,2125,2125,17-Apr-23
Mansa,Bhikhi,Other,Cereals,"3,235.00",2125.0,2125,2125,16-Apr-23
Mansa,Bhikhi,Other,Cereals,"6,465.00",2125.0,2125,2125,15-Apr-23
Mansa,Bhikhi,Other,Cereals,"4,717.00",2125.0,2125,2125,14-Apr-23
Mansa,Bhikhi,Other,Cereals,"5,488.00",2125.0,2125,2125,13-Apr-23
Mansa,Bhikhi,Other,Cereals,355,2125.0,2125,2125,12-Apr-23
Mansa,Bhikhi,Other,Cereals,54,2015.0,2015,2015,13-May-22
Mansa,Bhikhi,Other,Cereals,19,2015.0,2015,2015,12-May-22
Mansa,Bhikhi,Other,Cereals,37,2015.0,2015,2015,11-May-22
Mansa,Bhikhi,Other,Cereals,111,2015.0,2015,2015,10-May-22
Mansa,Bhikhi,Other,Cereals,49,2015.0,2020,2015,09-May-22
Mansa,Bhikhi,Other,Cereals,240,2015.0,2015,2015,08-May-22
Mansa,Bhikhi,Other,Cereals,149,2015.0,2020,2015,07-May-22
Mansa,Bhikhi,Other,Cereals,60,2015.0,2015,2015,06-May-22
Mansa,Bhikhi,Other,Cereals,385,2015.0,2015,2015,05-May-22
Mansa,Bhikhi,Other,Cereals,404,2015.0,2015,2015,03-May-22
Mansa,Bhikhi,Other,Cereals,498,2015.0,2015,2015,02-May-22
Mansa,Bhikhi,Other,Cereals,215,2015.0,2015,2015,01-May-22
Mansa,Bhikhi,Other,Cereals,395,2015.0,2015,2015,30-Apr-22
Mansa,Bhikhi,Other,Cereals,837,2015.0,2015,2015,29-Apr-22
Mansa,Bhikhi,Other,Cereals,610,2015.0,2020,2015,28-Apr-22
Mansa,Bhikhi,Other,Cereals,385,2015.0,2015,2015,27-Apr-22
Mansa,Bhikhi,Other,Cereals,"1,625.00",2015.0,2020,2015,25-Apr-22
Mansa,Bhikhi,Other,Cereals,"2,087.00",2015.0,2020,2015,24-Apr-22
Mansa,Bhikhi,Other,Cereals,"2,750.00",2015.0,2020,2015,23-Apr-22
Mansa,Bhikhi,Other,Cereals,"4,075.00",2015.0,2020,2015,22-Apr-22
Mansa,Bhikhi,Other,Cereals,"2,555.00",2015.0,2020,2015,21-Apr-22
Mansa,Bhikhi,Other,Cereals,"4,021.00",2015.0,2020,2015,20-Apr-22
Mansa,Bhikhi,Other,Cereals,"4,944.00",2015.0,2020,2015,19-Apr-22
Mansa,Bhikhi,Other,Cereals,"6,625.00",2015.0,2015,2015,18-Apr-22
Mansa,Bhikhi,Other,Cereals,"6,300.00",2015.0,2015,2015,17-Apr-22
Mansa,Bhikhi,Other,Cereals,"6,840.00",2015.0,2015,2015,16-Apr-22
Mansa,Bhikhi,Other,Cereals,"7,825.00",2015.0,2015,2015,15-Apr-22
Mansa,Bhikhi,Other,Cereals,"9,269.00",2015.0,2015,2015,14-Apr-22
Mansa,Bhikhi,Other,Cereals,"4,505.00",2015.0,2015,2015,13-Apr-22
Mansa,Bhikhi,Other,Cereals,"4,800.00",2015.0,2015,2015,12-Apr-22
Mansa,Bhikhi,Other,Cereals,"5,365.00",2015.0,2015,2015,11-Apr-22
Mansa,Bhikhi,Other,Cereals,"2,710.00",2015.0,2015,2015,10-Apr-22
Mansa,Bhikhi,Other,Cereals,"1,691.00",2015.0,2015,2015,09-Apr-22
Mansa,Bhikhi,Other,Cereals,280,2015.0,2015,2015,08-Apr-22
Mansa,Bhikhi,Other,Cereals,10,2015.0,2015,2015,07-Apr-22
Mansa,Bhikhi,Other,Cereals,400,1975.0,1975,1975,12-May-21
Mansa,Bhikhi,Other,Cereals,707,1975.0,1975,1975,10-May-21
Mansa,Bhikhi,Other,Cereals,341,1975.0,1975,1975,09-May-21
Mansa,Bhikhi,Other,Cereals,863,1975.0,1975,1975,08-May-21
Mansa,Bhikhi,Other,Cereals,"1,205.00",1975.0,1975,1975,07-May-21
Mansa,Bhikhi,Other,Cereals,"2,135.00",1975.0,1975,1975,06-May-21
Mansa,Bhikhi,Other,Cereals,716,1975.0,1975,1975,05-May-21
Mansa,Bhikhi,Other,Cereals,"1,385.00",1975.0,1975,1975,04-May-21
Mansa,Bhikhi,Other,Cereals,"1,397.00",1975.0,1975,1975,03-May-21
Mansa,Bhikhi,Other,Cereals,"2,725.00",1975.0,1975,1975,02-May-21
Mansa,Bhikhi,Other,Cereals,"2,845.00",1975.0,1975,1975,30-Apr-21
Mansa,Bhikhi,Other,Cereals,"3,323.00",1975.0,1975,1975,29-Apr-21
Mansa,Bhikhi,Other,Cereals,"3,262.00",1975.0,1975,1975,28-Apr-21
Mansa,Bhikhi,Other,Cereals,"4,383.00",1975.0,1975,1975,27-Apr-21
Mansa,Bhikhi,Other,Cereals,"4,815.00",1975.0,1975,1975,26-Apr-21
Mansa,Bhikhi,Other,Cereals,"3,885.00",1975.0,1975,1975,25-Apr-21
Mansa,Bhikhi,Other,Cereals,"6,995.00",1975.0,1975,1975,24-Apr-21
Mansa,Bhikhi,Other,Cereals,"3,960.00",1975.0,1975,1975,23-Apr-21
Mansa,Bhikhi,Other,Cereals,"3,640.00",1975.0,1975,1975,22-Apr-21
Mansa,Bhikhi,Other,Cereals,"4,280.00",1975.0,1975,1975,21-Apr-21
Mansa,Bhikhi,Other,Cereals,550,1975.0,1975,1975,20-Apr-21
Mansa,Bhikhi,Other,Cereals,"5,640.00",1975.0,1975,1975,19-Apr-21
Mansa,Bhikhi,Other,Cereals,"7,015.00",1975.0,1975,1975,17-Apr-21
Mansa,Bhikhi,Other,Cereals,"4,350.00",1975.0,1975,1975,16-Apr-21
Mansa,Bhikhi,Other,Cereals,"7,115.00",1975.0,1975,1975,15-Apr-21
Mansa,Bhikhi,Other,Cereals,"9,770.00",1975.0,1975,1975,14-Apr-21
Mansa,Bhikhi,Other,Cereals,"4,945.00",1975.0,1975,1975,13-Apr-21
Mansa,Bhikhi,Other,Cereals,"3,305.00",1975.0,1975,1975,12-Apr-21
Mansa,Boha,Other,Cereals,16,2125.0,2125,2125,18-May-23
Mansa,Boha,Other,Cereals,160,2125.0,2125,2125,15-May-23
Mansa,Boha,Other,Cereals,25,2125.0,2125,2125,13-May-23
Mansa,Boha,Other,Cereals,47,2125.0,2125,2125,12-May-23
Mansa,Boha,Other,Cereals,472,2125.0,2125,2125,11-May-23
Mansa,Boha,Other,Cereals,409,2125.0,2125,2125,10-May-23
Mansa,Boha,Other,Cereals,187,2125.0,2125,2125,09-May-23
Mansa,Boha,Other,Cereals,475,2125.0,2125,2125,08-May-23
Mansa,Boha,Other,Cereals,660,2125.0,2125,2125,05-May-23
Mansa,Boha,Other,Cereals,"1,295.00",2125.0,2125,2125,04-May-23
Mansa,Boha,Other,Cereals,"1,025.00",2125.0,2125,2125,03-May-23
Mansa,Boha,Other,Cereals,200,2125.0,2125,2125,02-May-23
Mansa,Boha,Other,Cereals,"1,400.00",2125.0,2125,2125,01-May-23
Mansa,Boha,Other,Cereals,"1,279.00",2125.0,2125,2125,30-Apr-23
Mansa,Boha,Other,Cereals,"2,085.00",2125.0,2125,2125,29-Apr-23
Mansa,Boha,Other,Cereals,"1,950.00",2125.0,2125,2125,28-Apr-23
Mansa,Boha,Other,Cereals,"2,140.00",2125.0,2125,2125,27-Apr-23
Mansa,Boha,Other,Cereals,"1,700.00",2125.0,2125,2125,26-Apr-23
Mansa,Boha,Other,Cereals,"2,140.00",2125.0,2125,2125,25-Apr-23
Mansa,Boha,Other,Cereals,"1,700.00",2125.0,2125,2125,24-Apr-23
Mansa,Boha,Other,Cereals,"2,241.00",2125.0,2125,2125,23-Apr-23
Mansa,Boha,Other,Cereals,"4,089.00",2125.0,2125,2125,22-Apr-23
Mansa,Boha,Other,Cereals,"4,200.00",2125.0,2125,2125,21-Apr-23
Mansa,Boha,Other,Cereals,"2,350.00",2125.0,2125,2125,20-Apr-23
Mansa,Boha,Other,Cereals,"5,700.00",2125.0,2125,2125,19-Apr-23
Mansa,Boha,Other,Cereals,"1,765.00",2125.0,2125,2125,18-Apr-23
Mansa,Boha,Other,Cereals,"3,880.00",2125.0,2125,2125,17-Apr-23
Mansa,Boha,Other,Cereals,"4,200.00",2125.0,2125,2125,16-Apr-23
Mansa,Boha,Other,Cereals,"3,850.00",2125.0,2125,2125,15-Apr-23
Mansa,Boha,Other,Cereals,"2,975.00",2125.0,2125,2125,14-Apr-23
Mansa,Boha,Other,Cereals,"2,650.00",2125.0,2125,2125,13-Apr-23
Mansa,Boha,Other,Cereals,225,2125.0,2125,2125,12-Apr-23
Mansa,Boha,Other,Cereals,20,2015.0,2015,2015,19-May-22
Mansa,Boha,Other,Cereals,269,2015.0,2015,2015,12-May-22
Mansa,Boha,Other,Cereals,120,2015.0,2020,2015,11-May-22
Mansa,Boha,Other,Cereals,62,2015.0,2015,2015,10-May-22
Mansa,Boha,Other,Cereals,477,2015.0,2015,2015,09-May-22
Mansa,Boha,Other,Cereals,60,2015.0,2015,2015,08-May-22
Mansa,Boha,Other,Cereals,52,2015.0,2015,2015,07-May-22
Mansa,Boha,Other,Cereals,320,2015.0,2015,2015,06-May-22
Mansa,Boha,Other,Cereals,970,2015.0,2015,2015,05-May-22
Mansa,Boha,Other,Cereals,430,2015.0,2015,2015,04-May-22
Mansa,Boha,Other,Cereals,250,2150.0,2150,2150,03-May-22
Mansa,Boha,Other,Cereals,350,2015.0,2015,2015,02-May-22
Mansa,Boha,Other,Cereals,245,2015.0,2015,2015,01-May-22
Mansa,Boha,Other,Cereals,295,2015.0,2015,2015,30-Apr-22
Mansa,Boha,Other,Cereals,235,2015.0,2015,2015,29-Apr-22
Mansa,Boha,Other,Cereals,"1,533.00",2015.0,2015,2015,28-Apr-22
Mansa,Boha,Other,Cereals,"1,456.00",2015.0,2015,2015,27-Apr-22
Mansa,Boha,Other,Cereals,790,2015.0,2015,2015,26-Apr-22
Mansa,Boha,Other,Cereals,"1,208.00",2015.0,2015,2015,25-Apr-22
Mansa,Boha,Other,Cereals,"1,295.00",2015.0,2015,2015,24-Apr-22
Mansa,Boha,Other,Cereals,"1,448.00",2015.0,2015,2015,23-Apr-22
Mansa,Boha,Other,Cereals,"2,125.00",2015.0,2015,2015,22-Apr-22
Mansa,Boha,Other,Cereals,"2,730.00",2015.0,2015,2015,21-Apr-22
Mansa,Boha,Other,Cereals,"1,560.00",2015.0,2015,2015,20-Apr-22
Mansa,Boha,Other,Cereals,"1,420.00",2015.0,2015,2015,19-Apr-22
Mansa,Boha,Other,Cereals,"3,670.00",2015.0,2015,2015,18-Apr-22
Mansa,Boha,Other,Cereals,"1,910.00",2015.0,2015,2015,17-Apr-22
Mansa,Boha,Other,Cereals,"3,470.00",2015.0,2015,2015,16-Apr-22
Mansa,Boha,Other,Cereals,"3,530.00",2015.0,2015,2015,15-Apr-22
Mansa,Boha,Other,Cereals,"6,470.00",2015.0,2015,2015,14-Apr-22
Mansa,Boha,Other,Cereals,"3,315.00",2015.0,2015,2015,13-Apr-22
Mansa,Boha,Other,Cereals,"5,255.00",2015.0,2015,2015,12-Apr-22
Mansa,Boha,Other,Cereals,"1,725.00",2015.0,2015,2015,11-Apr-22
Mansa,Boha,Other,Cereals,895,2015.0,2015,2015,10-Apr-22
Mansa,Boha,Other,Cereals,11,1975.0,1975,1975,12-May-21
Mansa,Boha,Other,Cereals,34,1975.0,1975,1975,11-May-21
Mansa,Boha,Other,Cereals,192,1975.0,1975,1975,10-May-21
Mansa,Boha,Other,Cereals,100,1975.0,1975,1975,09-May-21
Mansa,Boha,Other,Cereals,544,1975.0,1975,1975,08-May-21
Mansa,Boha,Other,Cereals,895,1975.0,1975,1975,07-May-21
Mansa,Boha,Other,Cereals,956,1975.0,1975,1975,06-May-21
Mansa,Boha,Other,Cereals,"1,020.00",1975.0,1975,1975,05-May-21
Mansa,Boha,Other,Cereals,"1,958.00",1975.0,1975,1975,04-May-21
Mansa,Boha,Other,Cereals,900,1975.0,1975,1975,03-May-21
Mansa,Boha,Other,Cereals,"1,690.00",1975.0,1975,1975,02-May-21
Mansa,Boha,Other,Cereals,745,1975.0,1975,1975,30-Apr-21
Mansa,Boha,Other,Cereals,"2,590.00",1975.0,1975,1975,29-Apr-21
Mansa,Boha,Other,Cereals,"1,840.00",1975.0,1975,1975,28-Apr-21
Mansa,Boha,Other,Cereals,"1,840.00",1975.0,1975,1975,27-Apr-21
Mansa,Boha,Other,Cereals,"3,830.00",1975.0,1975,1975,26-Apr-21
Mansa,Boha,Other,Cereals,"1,995.00",1975.0,1975,1975,25-Apr-21
Mansa,Boha,Other,Cereals,"2,900.00",1975.0,1975,1975,24-Apr-21
Mansa,Boha,Other,Cereals,"2,900.00",1975.0,1975,1975,23-Apr-21
Mansa,Boha,Other,Cereals,"2,185.00",1975.0,1975,1975,22-Apr-21
Mansa,Boha,Other,Cereals,"2,345.00",1975.0,1975,1975,21-Apr-21
Mansa,Boha,Other,Cereals,"1,510.00",1975.0,1975,1975,20-Apr-21
Mansa,Boha,Other,Cereals,"3,010.00",1975.0,1975,1975,19-Apr-21
Mansa,Boha,Other,Cereals,"4,580.00",1975.0,1975,1975,18-Apr-21
Mansa,Boha,Other,Cereals,"2,245.00",1975.0,1975,1975,17-Apr-21
Mansa,Boha,Other,Cereals,"3,920.00",1975.0,1975,1975,16-Apr-21
Mansa,Boha,Other,Cereals,"2,980.00",1975.0,1975,1975,15-Apr-21
Mansa,Boha,Other,Cereals,"3,640.00",1975.0,1975,1975,14-Apr-21
Mansa,Boha,Other,Cereals,"1,380.00",1975.0,1975,1975,12-Apr-21
Mansa,Boha,Other,Cereals,"1,200.00",1975.0,1975,1975,11-Apr-21
Mansa,Budalada,147 Average,Cereals,200,2125.0,2125,2125,04-May-23
Mansa,Budalada,147 Average,Cereals,500,2125.0,2125,2125,03-May-23
Mansa,Budalada,147 Average,Cereals,450,2125.0,2125,2125,30-Apr-23
Mansa,Budalada,147 Average,Cereals,400,2125.0,2125,2125,27-Apr-23
Mansa,Budalada,147 Average,Cereals,500,2125.0,2125,2125,26-Apr-23
Mansa,Budalada,147 Average,Cereals,"6,500.00",2125.0,2125,2125,21-Apr-23
Mansa,Budalada,147 Average,Cereals,600,2125.0,2125,2125,20-Apr-23
Mansa,Budalada,147 Average,Cereals,700,2125.0,2125,2125,18-Apr-23
Mansa,Budalada,147 Average,Cereals,100,2015.0,2015,2015,24-Apr-22
Mansa,Budalada,147 Average,Cereals,300,2015.0,2015,2015,22-Apr-22
Mansa,Budalada,147 Average,Cereals,650,2015.0,2015,2015,21-Apr-22
Mansa,Budalada,147 Average,Cereals,520,2015.0,2015,2015,19-Apr-22
Mansa,Budalada,147 Average,Cereals,300,2015.0,2015,2015,18-Apr-22
Mansa,Budalada,147 Average,Cereals,250,2015.0,2015,2015,17-Apr-22
Mansa,Budalada,147 Average,Cereals,"1,200.00",2015.0,2015,2015,16-Apr-22
Mansa,Budalada,147 Average,Cereals,"1,000.00",2015.0,2015,2015,15-Apr-22
Mansa,Budalada,147 Average,Cereals,600,2015.0,2015,2015,14-Apr-22
Mansa,Budalada,147 Average,Cereals,"1,600.00",2015.0,2015,2015,11-Apr-22
Mansa,Budalada,147 Average,Cereals,300,2015.0,2015,2015,10-Apr-22
Mansa,Budalada,147 Average,Cereals,350,2015.0,2015,2015,09-Apr-22
Mansa,Budalada,147 Average,Cereals,70,2015.0,2015,2015,08-Apr-22
Mansa,Budalada,147 Average,Cereals,50,2015.0,2015,2015,07-Apr-22
Mansa,Budalada,147 Average,Cereals,500,1975.0,1975,1975,29-Apr-21
Mansa,Budalada,147 Average,Cereals,350,1975.0,1975,1975,28-Apr-21
Mansa,Budalada,147 Average,Cereals,"1,000.00",1975.0,1975,1975,27-Apr-21
Mansa,Budalada,147 Average,Cereals,200,1975.0,1975,1975,26-Apr-21
Mansa,Budalada,147 Average,Cereals,300,1975.0,1975,1975,23-Apr-21
Mansa,Budalada,147 Average,Cereals,950,1975.0,1975,1975,22-Apr-21
Mansa,Budalada,147 Average,Cereals,400,1975.0,1975,1975,21-Apr-21
Mansa,Budalada,147 Average,Cereals,"2,400.00",1975.0,1975,1975,20-Apr-21
Mansa,Budalada,147 Average,Cereals,230,1975.0,1975,1975,19-Apr-21
Mansa,Budalada,147 Average,Cereals,700,1975.0,1975,1975,15-Apr-21
Mansa,Budalada,147 Average,Cereals,800,1975.0,1975,1975,14-Apr-21
Mansa,Budalada,147 Average,Cereals,"1,100.00",1975.0,1975,1975,13-Apr-21
Mansa,Budalada,147 Average,Cereals,750,1975.0,1975,1975,12-Apr-21
Mansa,Budalada,147 Average,Cereals,195,1975.0,1975,1975,11-Apr-21
Mansa,Budhlada (Phaphre Bhaike),Other,Cereals,50,2125.0,2125,2125,04-May-23
Mansa,Budhlada (Phaphre Bhaike),Other,Cereals,50,2125.0,2125,2125,01-May-23
Mansa,Budhlada (Phaphre Bhaike),Other,Cereals,70,2125.0,2125,2125,30-Apr-23
Mansa,Budhlada (Phaphre Bhaike),Other,Cereals,50,2125.0,2125,2125,27-Apr-23
Mansa,Budhlada (Phaphre Bhaike),Other,Cereals,400,2125.0,2125,2125,26-Apr-23
Mansa,Budhlada (Phaphre Bhaike),Other,Cereals,60,2125.0,2125,2125,25-Apr-23
Mansa,Budhlada (Phaphre Bhaike),Other,Cereals,50,2125.0,2125,2125,24-Apr-23
Mansa,Budhlada (Phaphre Bhaike),Other,Cereals,400,2125.0,2125,2125,23-Apr-23
Mansa,Budhlada (Phaphre Bhaike),Other,Cereals,400,2125.0,2125,2125,22-Apr-23
Mansa,Budhlada (Phaphre Bhaike),Other,Cereals,300,2125.0,0,2125,20-Apr-23
Mansa,Budhlada (Phaphre Bhaike),Other,Cereals,600,2125.0,2125,2125,18-Apr-23
Mansa,Budhlada (Phaphre Bhaike),Other,Cereals,800,2125.0,2125,2125,15-Apr-23
Mansa,Budhlada (Phaphre Bhaike),Other,Cereals,50,2015.0,2015,2015,22-Apr-22
Mansa,Budhlada (Phaphre Bhaike),Other,Cereals,150,2015.0,2015,2015,19-Apr-22
Mansa,Budhlada (Phaphre Bhaike),Other,Cereals,400,2015.0,2015,2015,18-Apr-22
Mansa,Budhlada (Phaphre Bhaike),Other,Cereals,80,2015.0,2015,2015,17-Apr-22
Mansa,Budhlada (Phaphre Bhaike),Other,Cereals,200,2015.0,2015,2015,16-Apr-22
Mansa,Budhlada (Phaphre Bhaike),Other,Cereals,250,2015.0,2015,2015,15-Apr-22
Mansa,Budhlada (Phaphre Bhaike),Other,Cereals,800,2015.0,2015,2015,14-Apr-22
Mansa,Budhlada (Phaphre Bhaike),Other,Cereals,300,2015.0,2015,2015,09-Apr-22
Mansa,Budhlada (Phaphre Bhaike),Other,Cereals,100,1975.0,1975,1975,04-May-21
Mansa,Budhlada (Phaphre Bhaike),Other,Cereals,600,1975.0,1975,1975,03-May-21
Mansa,Budhlada (Phaphre Bhaike),Other,Cereals,600,1975.0,1975,1975,02-May-21
Mansa,Budhlada (Phaphre Bhaike),Other,Cereals,50,1975.0,1975,1975,28-Apr-21
Mansa,Budhlada (Phaphre Bhaike),Other,Cereals,50,1975.0,1975,1975,27-Apr-21
Mansa,Budhlada (Phaphre Bhaike),Other,Cereals,50,1975.0,1975,1975,25-Apr-21
Mansa,Budhlada (Phaphre Bhaike),Other,Cereals,80,1975.0,1975,1975,24-Apr-21
Mansa,Budhlada (Phaphre Bhaike),Other,Cereals,100,1975.0,1975,1975,23-Apr-21
Mansa,Budhlada (Phaphre Bhaike),Other,Cereals,700,1975.0,1975,1975,22-Apr-21
Mansa,Budhlada (Phaphre Bhaike),Other,Cereals,100,1975.0,1975,1975,21-Apr-21
Mansa,Budhlada (Phaphre Bhaike),Other,Cereals,100,1975.0,1975,1975,20-Apr-21
Mansa,Budhlada (Phaphre Bhaike),Other,Cereals,400,1975.0,1975,1975,19-Apr-21
Mansa,Budhlada (Phaphre Bhaike),Other,Cereals,200,1975.0,1975,1975,18-Apr-21
Mansa,Budhlada (Phaphre Bhaike),Other,Cereals,100,1975.0,1975,1975,17-Apr-21
Mansa,Budhlada (Phaphre Bhaike),Other,Cereals,800,1975.0,1975,1975,16-Apr-21
Mansa,Budhlada (Phaphre Bhaike),Other,Cereals,450,1975.0,1975,1975,15-Apr-21
Mansa,Budhlada (Phaphre Bhaike),Other,Cereals,250,1975.0,1975,1975,14-Apr-21
Mansa,Budhlada (Phaphre Bhaike),Other,Cereals,500,1975.0,1975,1975,11-Apr-21
Mohali,Dera Bassi,147 Average,Cereals,"7,488.60",2015.0,2025,2015,21-Apr-22
Mohali,Dera Bassi,147 Average,Cereals,179.45,1975.0,1975,1975,29-Apr-21
Mohali,Dera Bassi,147 Average,Cereals,205.8,1975.0,1975,1975,28-Apr-21
Mohali,Dera Bassi,147 Average,Cereals,245.85,1975.0,1975,1975,27-Apr-21
Mohali,Dera Bassi,147 Average,Cereals,365.7,1975.0,1975,1975,26-Apr-21
Mohali,Dera Bassi,147 Average,Cereals,154.15,1975.0,1975,1975,25-Apr-21
Mohali,Dera Bassi,147 Average,Cereals,12.6,1975.0,1975,1975,20-Apr-21
Mohali,Dera Bassi,147 Average,Cereals,26.5,1975.0,1975,1975,19-Apr-21
Mohali,Dera Bassi,147 Average,Cereals,57.3,1975.0,1975,1975,18-Apr-21
Mohali,Dera Bassi,147 Average,Cereals,685,1975.0,1975,1975,17-Apr-21
Mohali,Dera Bassi,147 Average,Cereals,"1,867.40",1975.0,1975,1975,15-Apr-21
Mohali,Dera Bassi,147 Average,Cereals,"1,883.00",1975.0,1975,1975,14-Apr-21
Mohali,Dera Bassi,147 Average,Cereals,"1,883.00",1975.0,1975,1975,13-Apr-21
Mohali,Dera Bassi,147 Average,Cereals,102.9,1975.0,1975,1975,12-Apr-21
Mohali,Dera Bassi,147 Average,Cereals,"1,385.00",1975.0,1975,1975,11-Apr-21
Mohali,Dera Bassi,147 Average,Cereals,102.28,1975.0,1975,1975,10-Apr-21
Moga,Dharamkot,Other,Cereals,85.9,1975.0,1975,1975,13-May-21
Moga,Dharamkot,Other,Cereals,68.5,1975.0,1975,1975,12-May-21
Moga,Dharamkot,Other,Cereals,118.7,1975.0,1975,1975,11-May-21
Moga,Dharamkot,Other,Cereals,190.2,1975.0,1975,1975,10-May-21
Moga,Dharamkot,Other,Cereals,109.3,1975.0,1975,1975,09-May-21
Moga,Dharamkot,Other,Cereals,"1,272.00",1975.0,1975,1975,05-May-21
Moga,Dharamkot,Other,Cereals,"2,011.60",1975.0,1975,1975,02-May-21
Moga,Dharamkot,Other,Cereals,"1,395.40",1975.0,1975,1975,01-May-21
Moga,Dharamkot,Other,Cereals,"7,598.75",1975.0,1975,1975,29-Apr-21
Moga,Dharamkot,Other,Cereals,"3,268.60",1975.0,1975,1975,26-Apr-21
Moga,Dharamkot,Other,Cereals,"6,318.00",1975.0,1975,1975,25-Apr-21
Moga,Dharamkot,Other,Cereals,"4,228.20",1975.0,1975,1975,23-Apr-21
Moga,Dharamkot,Other,Cereals,"3,035.00",1975.0,1975,1975,22-Apr-21
Moga,Dharamkot,Other,Cereals,"7,395.00",1975.0,1975,1975,19-Apr-21
Moga,Dharamkot,Other,Cereals,"6,025.00",1975.0,1975,1975,18-Apr-21
Moga,Dharamkot,Other,Cereals,"8,879.00",1975.0,1975,1975,17-Apr-21
Moga,Dharamkot,Other,Cereals,"58,902.00",1975.0,1975,1975,16-Apr-21
Moga,Dharamkot,Other,Cereals,"4,780.00",1975.0,1975,1975,15-Apr-21
Muktsar,Giddarbaha,Other,Cereals,965,2015.0,2015,2015,03-May-22
Muktsar,Giddarbaha,Other,Cereals,"1,152.00",2015.0,2015,2015,02-May-22
Muktsar,Giddarbaha,Other,Cereals,"2,760.00",1975.0,1975,1975,12-May-21
Muktsar,Giddarbaha,Other,Cereals,"5,261.00",1975.0,1975,1975,11-May-21
Muktsar,Giddarbaha,Other,Cereals,285,1975.0,1975,1975,10-May-21
Muktsar,Giddarbaha,Other,Cereals,300,1975.0,1975,1975,09-May-21
Muktsar,Giddarbaha,Other,Cereals,4.65,1975.0,1975,1975,08-May-21
Muktsar,Giddarbaha,Other,Cereals,"3,097.00",1975.0,1975,1975,07-May-21
Muktsar,Giddarbaha,Other,Cereals,"6,484.00",1975.0,1975,1975,06-May-21
Muktsar,Giddarbaha,Other,Cereals,"8,126.00",1975.0,1975,1975,05-May-21
Muktsar,Giddarbaha,Other,Cereals,"6,292.00",1975.0,1975,1975,04-May-21
Muktsar,Giddarbaha,Other,Cereals,"5,242.00",1975.0,1975,1975,03-May-21
Muktsar,Giddarbaha,Other,Cereals,"8,004.00",1975.0,1975,1975,30-Apr-21
Muktsar,Giddarbaha,Other,Cereals,"7,359.00",1975.0,1975,1975,29-Apr-21
Muktsar,Giddarbaha,Other,Cereals,"8,678.00",1975.0,1975,1975,28-Apr-21
Muktsar,Giddarbaha,Other,Cereals,"9,122.00",1975.0,1975,1975,27-Apr-21
Muktsar,Giddarbaha,Other,Cereals,"7,730.00",1975.0,1975,1975,26-Apr-21
Muktsar,Giddarbaha,Other,Cereals,"11,823.00",1975.0,1975,1975,24-Apr-21
Muktsar,Giddarbaha,Other,Cereals,"7,783.00",1975.0,1975,1975,23-Apr-21
Muktsar,Giddarbaha,Other,Cereals,"11,039.00",1975.0,1975,1975,22-Apr-21
Muktsar,Giddarbaha,Other,Cereals,"9,364.00",1975.0,1975,1975,21-Apr-21
Muktsar,Giddarbaha,Other,Cereals,"5,015.00",1975.0,1975,1975,20-Apr-21
Muktsar,Giddarbaha,Other,Cereals,"11,193.00",1975.0,1975,1975,19-Apr-21
Muktsar,Giddarbaha,Other,Cereals,"11,189.00",1975.0,1975,1975,18-Apr-21
Muktsar,Giddarbaha,Other,Cereals,"12,460.00",1975.0,1975,1975,17-Apr-21
Muktsar,Giddarbaha,Other,Cereals,"5,159.00",1975.0,1975,1975,16-Apr-21
Muktsar,Giddarbaha,Other,Cereals,"10,614.00",1975.0,1975,1975,15-Apr-21
Muktsar,Giddarbaha,Other,Cereals,"6,501.00",1975.0,1975,1975,14-Apr-21
Muktsar,Giddarbaha,Other,Cereals,"4,292.00",1975.0,1975,1975,13-Apr-21
Muktsar,Giddarbaha,Other,Cereals,110,1975.0,1975,1975,11-Apr-21
Muktsar,Giddarbaha,Other,Cereals,10,1975.0,1975,1975,10-Apr-21
Mohali,Kharar,147 Average,Cereals,2.7,2130.0,2130,2130,23-May-23
Mohali,Kharar,147 Average,Cereals,5,2130.0,2130,2130,12-May-23
Mohali,Kharar,147 Average,Cereals,50.1,2125.0,2125,2125,11-May-23
Mohali,Kharar,147 Average,Cereals,38.5,2125.0,2125,2125,09-May-23
Mohali,Kharar,147 Average,Cereals,84.6,2125.0,2125,2125,08-May-23
Mohali,Kharar,147 Average,Cereals,164.8,2125.0,2125,2125,07-May-23
Mohali,Kharar,147 Average,Cereals,150.1,2125.0,2130,2125,04-May-23
Mohali,Kharar,147 Average,Cereals,94,2125.0,2125,2125,03-May-23
Mohali,Kharar,147 Average,Cereals,40.3,2125.0,2125,2125,02-May-23
Mohali,Kharar,147 Average,Cereals,74.7,2125.0,2125,2125,01-May-23
Mohali,Kharar,147 Average,Cereals,144.6,2125.0,2125,2125,30-Apr-23
Mohali,Kharar,147 Average,Cereals,284.8,2125.0,2125,2125,29-Apr-23
Mohali,Kharar,147 Average,Cereals,396.3,2125.0,2130,2125,28-Apr-23
Mohali,Kharar,147 Average,Cereals,741.4,2125.0,2130,2125,27-Apr-23
Mohali,Kharar,147 Average,Cereals,732.4,2125.0,2130,2125,26-Apr-23
Mohali,Kharar,147 Average,Cereals,885.3,2125.0,2130,2125,25-Apr-23
Mohali,Kharar,147 Average,Cereals,887.3,2125.0,2130,2125,24-Apr-23
Mohali,Kharar,147 Average,Cereals,972.8,2125.0,2130,2125,23-Apr-23
Mohali,Kharar,147 Average,Cereals,"1,189.80",2125.0,2125,2125,22-Apr-23
Mohali,Kharar,147 Average,Cereals,"1,215.60",2125.0,2130,2125,21-Apr-23
Mohali,Kharar,147 Average,Cereals,"1,028.90",2125.0,2130,2125,20-Apr-23
Mohali,Kharar,147 Average,Cereals,962.7,2125.0,2125,2125,19-Apr-23
Mohali,Kharar,147 Average,Cereals,"1,282.40",2125.0,2130,2125,18-Apr-23
Mohali,Kharar,147 Average,Cereals,"1,281.10",2125.0,2130,2125,17-Apr-23
Mohali,Kharar,147 Average,Cereals,"1,337.60",2125.0,2130,2125,16-Apr-23
Mohali,Kharar,147 Average,Cereals,"1,471.90",2125.0,2130,2125,15-Apr-23
Mohali,Kharar,147 Average,Cereals,"1,352.70",2125.0,2130,2125,14-Apr-23
Mohali,Kharar,147 Average,Cereals,"1,900.70",2125.0,2130,2125,13-Apr-23
Mohali,Kharar,147 Average,Cereals,510.7,2125.0,2130,2125,12-Apr-23
Mohali,Kharar,147 Average,Cereals,465,2125.0,2130,2125,11-Apr-23
Mohali,Kharar,147 Average,Cereals,45.7,2125.0,2130,2125,10-Apr-23
Mohali,Kharar,147 Average,Cereals,21.2,1975.0,1975,1975,14-May-21
Mohali,Kharar,147 Average,Cereals,18.7,1975.0,1980,1975,12-May-21
Mohali,Kharar,147 Average,Cereals,84.2,1975.0,1975,1975,08-May-21
Mohali,Kharar,147 Average,Cereals,72.3,1975.0,1975,1975,07-May-21
Mohali,Kharar,147 Average,Cereals,58.4,1975.0,1975,1975,05-May-21
Mohali,Kharar,147 Average,Cereals,257.4,1975.0,1980,1975,04-May-21
Mohali,Kharar,147 Average,Cereals,193.3,1975.0,1980,1975,03-May-21
Mohali,Kharar,147 Average,Cereals,319.1,1975.0,1975,1975,02-May-21
Mohali,Kharar,147 Average,Cereals,308.2,1975.0,1975,1975,01-May-21
Mohali,Kharar,147 Average,Cereals,179.8,1975.0,1975,1975,30-Apr-21
Mohali,Kharar,147 Average,Cereals,394.7,1975.0,1975,1975,29-Apr-21
Mohali,Kharar,147 Average,Cereals,605.7,1975.0,1975,1975,28-Apr-21
Mohali,Kharar,147 Average,Cereals,588.2,1975.0,1975,1975,27-Apr-21
Mohali,Kharar,147 Average,Cereals,869.9,1975.0,1975,1975,26-Apr-21
Mohali,Kharar,147 Average,Cereals,972.2,1975.0,1975,1975,25-Apr-21
Mohali,Kharar,147 Average,Cereals,"1,011.20",1975.0,1975,1975,24-Apr-21
Mohali,Kharar,147 Average,Cereals,319.3,1975.0,1980,1975,23-Apr-21
Mohali,Kharar,147 Average,Cereals,"1,166.60",1975.0,1975,1975,22-Apr-21
Mohali,Kharar,147 Average,Cereals,886.3,1975.0,1975,1975,21-Apr-21
Mohali,Kharar,147 Average,Cereals,"1,377.20",1975.0,1975,1975,20-Apr-21
Mohali,Kharar,147 Average,Cereals,"1,717.40",1975.0,1975,1975,18-Apr-21
Mohali,Kharar,147 Average,Cereals,"1,449.30",1975.0,1975,1975,17-Apr-21
Mohali,Kharar,147 Average,Cereals,"2,087.00",1975.0,1975,1975,16-Apr-21
Mohali,Kharar,147 Average,Cereals,"2,295.80",1975.0,1975,1975,15-Apr-21
Mohali,Kharar,147 Average,Cereals,"2,351.60",1975.0,1975,1975,14-Apr-21
Mohali,Kharar,147 Average,Cereals,"2,253.20",1975.0,1975,1975,13-Apr-21
Mohali,Kharar,147 Average,Cereals,"1,323.30",1975.0,1975,1975,12-Apr-21
Mohali,Kharar,147 Average,Cereals,"1,069.00",1975.0,1975,1975,11-Apr-21
Moga,Kot ise Khan,Other,Cereals,40,2125.0,2135,2130,10-May-23
Moga,Kot ise Khan,Other,Cereals,281,2125.0,2135,2130,09-May-23
Moga,Kot ise Khan,Other,Cereals,630,2125.0,2135,2130,07-May-23
Moga,Kot ise Khan,Other,Cereals,50,2125.0,2135,2130,06-May-23
Moga,Kot ise Khan,Other,Cereals,455,2125.0,2135,2130,05-May-23
Moga,Kot ise Khan,Other,Cereals,505.5,2125.0,2135,2130,04-May-23
Moga,Kot ise Khan,Other,Cereals,450,2125.0,2135,2130,03-May-23
Moga,Kot ise Khan,Other,Cereals,"1,700.00",2125.0,2135,2130,02-May-23
Moga,Kot ise Khan,Other,Cereals,"1,375.00",2125.0,2135,2130,30-Apr-23
Moga,Kot ise Khan,Other,Cereals,"3,500.00",2125.0,2135,2130,29-Apr-23
Moga,Kot ise Khan,Other,Cereals,"1,425.00",2125.0,2135,2130,28-Apr-23
Moga,Kot ise Khan,Other,Cereals,"4,100.00",2125.0,2135,2130,27-Apr-23
Moga,Kot ise Khan,Other,Cereals,"4,225.00",2125.0,2135,2130,26-Apr-23
Moga,Kot ise Khan,Other,Cereals,"3,710.00",2125.0,2135,2130,25-Apr-23
Moga,Kot ise Khan,Other,Cereals,"4,000.00",2125.0,2135,2130,24-Apr-23
Moga,Kot ise Khan,Other,Cereals,"3,646.00",2125.0,2135,2130,23-Apr-23
Moga,Kot ise Khan,Other,Cereals,"3,375.00",2125.0,2135,2130,22-Apr-23
Moga,Kot ise Khan,Other,Cereals,450,2125.0,2135,2130,21-Apr-23
Moga,Kot ise Khan,Other,Cereals,"3,525.00",2125.0,2135,2130,20-Apr-23
Moga,Kot ise Khan,Other,Cereals,"3,008.00",2125.0,2135,2130,19-Apr-23
Moga,Kot ise Khan,Other,Cereals,"4,950.00",2125.0,2135,2130,18-Apr-23
Moga,Kot ise Khan,Other,Cereals,775,2125.0,2135,2130,17-Apr-23
Moga,Kot ise Khan,Other,Cereals,"1,060.00",2125.0,2135,2130,16-Apr-23
Moga,Kot ise Khan,Other,Cereals,725,2125.0,2135,2130,15-Apr-23
Moga,Kot ise Khan,Other,Cereals,415,2125.0,2135,2130,14-Apr-23
Moga,Kot ise Khan,Other,Cereals,37,2015.0,2025,2020,12-May-22
Moga,Kot ise Khan,Other,Cereals,331,2015.0,2025,2020,10-May-22
Moga,Kot ise Khan,Other,Cereals,75,2015.0,2025,2020,08-May-22
Moga,Kot ise Khan,Other,Cereals,"1,090.00",2015.0,2025,2020,07-May-22
Moga,Kot ise Khan,Other,Cereals,"2,840.00",2015.0,2025,2020,06-May-22
Moga,Kot ise Khan,Other,Cereals,"1,687.00",2015.0,2025,2020,05-May-22
Moga,Kot ise Khan,Other,Cereals,"7,572.00",2015.0,2025,2020,02-May-22
Moga,Kot ise Khan,Other,Cereals,"1,750.00",2015.0,2025,2020,01-May-22
Moga,Kot ise Khan,Other,Cereals,"5,315.00",2015.0,2025,2020,30-Apr-22
Moga,Kot ise Khan,Other,Cereals,750,2015.0,2025,2020,29-Apr-22
Moga,Kot ise Khan,Other,Cereals,"6,990.00",2015.0,2025,2020,28-Apr-22
Moga,Kot ise Khan,Other,Cereals,"10,610.00",2015.0,2025,2020,27-Apr-22
Moga,Kot ise Khan,Other,Cereals,"19,750.00",2015.0,2025,2020,26-Apr-22
Moga,Kot ise Khan,Other,Cereals,"3,250.00",2015.0,2025,2020,25-Apr-22
Moga,Kot ise Khan,Other,Cereals,"18,000.00",2015.0,2025,2020,24-Apr-22
Moga,Kot ise Khan,Other,Cereals,"26,250.00",2015.0,2025,2020,22-Apr-22
Moga,Kot ise Khan,Other,Cereals,"41,550.00",2015.0,2025,2020,21-Apr-22
Moga,Kot ise Khan,Other,Cereals,"32,250.00",2015.0,2025,2020,20-Apr-22
Moga,Kot ise Khan,Other,Cereals,"4,065.00",2015.0,2025,2020,19-Apr-22
Moga,Kot ise Khan,Other,Cereals,"5,300.00",2015.0,2025,2020,18-Apr-22
Moga,Kot ise Khan,Other,Cereals,"5,030.00",2015.0,2025,2020,17-Apr-22
Moga,Kot ise Khan,Other,Cereals,"4,400.00",2015.0,2025,2020,16-Apr-22
Moga,Kot ise Khan,Other,Cereals,"34,750.00",2015.0,2025,2020,15-Apr-22
Moga,Kot ise Khan,Other,Cereals,"13,875.00",2015.0,2025,2020,14-Apr-22
Moga,Kot ise Khan,Other,Cereals,"8,775.00",2015.0,2025,2020,13-Apr-22
Moga,Kot ise Khan,Other,Cereals,"7,575.00",2015.0,2025,2020,12-Apr-22
Moga,Kot ise Khan,Other,Cereals,500,2015.0,2025,2020,11-Apr-22
Moga,Kot ise Khan,Other,Cereals,125,1975.0,1985,1980,22-May-21
Moga,Kot ise Khan,Other,Cereals,181,1975.0,1985,1980,21-May-21
Moga,Kot ise Khan,Other,Cereals,407,1975.0,1985,1980,20-May-21
Moga,Kot ise Khan,Other,Cereals,784,1975.0,1985,1980,16-May-21
Moga,Kot ise Khan,Other,Cereals,445,1975.0,1985,1980,15-May-21
Moga,Kot ise Khan,Other,Cereals,100,1975.0,1985,1980,14-May-21
Moga,Kot ise Khan,Other,Cereals,225,1975.0,1985,1980,12-May-21
Moga,Kot ise Khan,Other,Cereals,"9,277.00",1975.0,1985,1980,11-May-21
Moga,Kot ise Khan,Other,Cereals,"3,500.00",1975.0,1985,1980,09-May-21
Moga,Kot ise Khan,Other,Cereals,"1,000.00",1975.0,1985,1980,08-May-21
Moga,Kot ise Khan,Other,Cereals,"4,475.00",1975.0,1985,1980,07-May-21
Moga,Kot ise Khan,Other,Cereals,"11,098.00",1975.0,1985,1980,06-May-21
Moga,Kot ise Khan,Other,Cereals,"7,888.00",1975.0,1985,1980,05-May-21
Moga,Kot ise Khan,Other,Cereals,"15,500.00",1975.0,1985,1980,04-May-21
Moga,Kot ise Khan,Other,Cereals,"1,000.00",1975.0,1985,1980,03-May-21
Moga,Kot ise Khan,Other,Cereals,"8,000.00",1975.0,1985,1980,02-May-21
Moga,Kot ise Khan,Other,Cereals,"22,000.00",1975.0,1985,1980,01-May-21
Moga,Kot ise Khan,Other,Cereals,"15,340.00",1975.0,1985,1980,30-Apr-21
Moga,Kot ise Khan,Other,Cereals,"15,514.00",1975.0,1985,1980,29-Apr-21
Moga,Kot ise Khan,Other,Cereals,"37,250.00",1975.0,1985,1980,28-Apr-21
Moga,Kot ise Khan,Other,Cereals,"50,000.00",1975.0,1985,1980,27-Apr-21
Moga,Kot ise Khan,Other,Cereals,"15,500.00",1975.0,1985,1980,26-Apr-21
Moga,Kot ise Khan,Other,Cereals,"31,500.00",1975.0,1985,1980,25-Apr-21
Moga,Kot ise Khan,Other,Cereals,"27,000.00",1975.0,1985,1980,24-Apr-21
Moga,Kot ise Khan,Other,Cereals,"64,250.00",1975.0,1985,1980,23-Apr-21
Moga,Kot ise Khan,Other,Cereals,"21,500.00",1975.0,1985,1980,22-Apr-21
Moga,Kot ise Khan,Other,Cereals,"18,000.00",1975.0,1985,1980,21-Apr-21
Moga,Kot ise Khan,Other,Cereals,"35,250.00",1975.0,1985,1980,20-Apr-21
Moga,Kot ise Khan,Other,Cereals,"53,000.00",1975.0,1985,1980,19-Apr-21
Moga,Kot ise Khan,Other,Cereals,"42,500.00",1975.0,1985,1980,18-Apr-21
Moga,Kot ise Khan,Other,Cereals,"47,000.00",1975.0,1985,1980,17-Apr-21
Moga,Kot ise Khan,Other,Cereals,"57,250.00",1975.0,1985,1980,16-Apr-21
Moga,Kot ise Khan,Other,Cereals,"12,750.00",1975.0,1985,1980,15-Apr-21
Mohali,Kurali,Other,Cereals,3,2500.0,2600,2550,08-Dec-23
Mohali,Kurali,Other,Cereals,4,2600.0,2650,2600,07-Dec-23
Mohali,Kurali,Other,Cereals,15,2600.0,2700,2650,23-Jan-23
Mohali,Kurali,Other,Cereals,12.5,2800.0,2820,2810,21-Jan-23
Mohali,Kurali,Other,Cereals,25,2700.0,2750,2720,20-Jan-23
Mohali,Kurali,Other,Cereals,28,2700.0,2750,2725,19-Jan-23
Muktsar,Malout,Other,Cereals,"4,223.00",2125.0,2125,2125,10-May-23
Muktsar,Malout,Other,Cereals,"3,165.00",2125.0,2125,2125,09-May-23
Muktsar,Malout,Other,Cereals,"3,810.00",2125.0,2125,2125,08-May-23
Muktsar,Malout,Other,Cereals,"4,619.00",2125.0,2125,2125,07-May-23
Muktsar,Malout,Other,Cereals,"4,467.00",2125.0,2125,2125,06-May-23
Muktsar,Malout,Other,Cereals,"7,326.00",2125.0,2125,2125,05-May-23
Muktsar,Malout,Other,Cereals,"6,232.00",2125.0,2125,2125,04-May-23
Muktsar,Malout,Other,Cereals,"7,973.80",2125.0,2125,2125,03-May-23
Muktsar,Malout,Other,Cereals,"7,115.00",2125.0,2125,2125,02-May-23
Muktsar,Malout,Other,Cereals,"11,476.00",2125.0,2125,2125,01-May-23
Muktsar,Malout,Other,Cereals,"10,084.00",2125.0,2125,2125,30-Apr-23
Muktsar,Malout,Other,Cereals,"10,509.00",2125.0,2125,2125,29-Apr-23
Muktsar,Malout,Other,Cereals,"11,890.00",2125.0,2125,2125,28-Apr-23
Muktsar,Malout,Other,Cereals,"13,294.00",2125.0,2125,2125,27-Apr-23
Muktsar,Malout,Other,Cereals,"14,629.00",2125.0,2125,2125,26-Apr-23
Muktsar,Malout,Other,Cereals,"15,836.00",2125.0,2125,2125,25-Apr-23
Muktsar,Malout,Other,Cereals,"21,494.00",2125.0,2125,2125,24-Apr-23
Muktsar,Malout,Other,Cereals,"14,549.00",2125.0,2125,2125,23-Apr-23
Muktsar,Malout,Other,Cereals,"18,932.00",2125.0,2125,2125,22-Apr-23
Muktsar,Malout,Other,Cereals,"20,348.00",2125.0,2125,2125,21-Apr-23
Muktsar,Malout,Other,Cereals,"21,924.00",2125.0,2125,2125,20-Apr-23
Muktsar,Malout,Other,Cereals,"8,734.00",2125.0,2125,2125,19-Apr-23
Muktsar,Malout,Other,Cereals,"15,523.00",2125.0,2125,2125,18-Apr-23
Muktsar,Malout,Other,Cereals,"20,077.00",2125.0,2125,2125,17-Apr-23
Muktsar,Malout,Other,Cereals,"12,201.50",2125.0,2125,2125,16-Apr-23
Muktsar,Malout,Other,Cereals,"7,793.00",2125.0,2125,2125,15-Apr-23
Muktsar,Malout,Other,Cereals,"5,678.90",2015.0,2015,2015,16-Apr-22
Muktsar,Malout,Other,Cereals,"4,500.00",2015.0,2015,2015,15-Apr-22
Muktsar,Malout,Other,Cereals,"2,032.00",2015.0,2015,2015,10-Apr-22
Muktsar,Malout,Other,Cereals,151,2015.0,2015,2015,09-Apr-22
Muktsar,Malout,Other,Cereals,50,2015.0,2015,2015,08-Apr-22
Muktsar,Malout,Other,Cereals,"1,148.00",1975.0,1975,1975,09-May-21
Muktsar,Malout,Other,Cereals,"1,903.00",1975.0,1975,1975,08-May-21
Muktsar,Malout,Other,Cereals,"11,799.00",1975.0,1975,1975,04-May-21
Muktsar,Malout,Other,Cereals,"12,174.00",1975.0,1975,1975,03-May-21
Muktsar,Malout,Other,Cereals,"7,035.00",1975.0,1975,1975,02-May-21
Muktsar,Malout,Other,Cereals,"14,899.00",1975.0,1975,1975,01-May-21
Muktsar,Malout,Other,Cereals,"10,925.00",1975.0,1975,1975,30-Apr-21
Muktsar,Malout,Other,Cereals,"15,085.00",1975.0,1975,1975,29-Apr-21
Muktsar,Malout,Other,Cereals,"10,925.00",1975.0,1975,1975,28-Apr-21
Muktsar,Malout,Other,Cereals,"16,945.00",1975.0,1975,1975,26-Apr-21
Muktsar,Malout,Other,Cereals,"15,860.00",1975.0,1975,1975,25-Apr-21
Muktsar,Malout,Other,Cereals,"12,231.00",1975.0,1975,1975,24-Apr-21
Muktsar,Malout,Other,Cereals,"72,612.00",1975.0,1975,1975,18-Apr-21
Muktsar,Malout,Other,Cereals,"18,730.00",1975.0,1975,1975,17-Apr-21
Muktsar,Malout (Kilianwali),Other,Cereals,"2,300.00",2125.0,2125,2125,10-May-23
Muktsar,Malout (Kilianwali),Other,Cereals,317,2125.0,2125,2125,09-May-23
Muktsar,Malout (Kilianwali),Other,Cereals,"1,200.00",2125.0,2125,2125,08-May-23
Muktsar,Malout (Kilianwali),Other,Cereals,250,2125.0,2125,2125,07-May-23
Muktsar,Malout (Kilianwali),Other,Cereals,468,2125.0,2125,2125,06-May-23
Muktsar,Malout (Kilianwali),Other,Cereals,"1,550.00",2125.0,2125,2125,05-May-23
Muktsar,Malout (Kilianwali),Other,Cereals,170,2125.0,2125,2125,04-May-23
Muktsar,Malout (Kilianwali),Other,Cereals,580,2125.0,2125,2125,03-May-23
Muktsar,Malout (Kilianwali),Other,Cereals,400,2125.0,2125,2125,02-May-23
Muktsar,Malout (Kilianwali),Other,Cereals,550,2125.0,2125,2125,01-May-23
Muktsar,Malout (Kilianwali),Other,Cereals,"1,700.00",2125.0,2125,2125,30-Apr-23
Muktsar,Malout (Kilianwali),Other,Cereals,"2,500.00",2125.0,2125,2125,29-Apr-23
Muktsar,Malout (Kilianwali),Other,Cereals,"3,400.00",2125.0,2125,2125,28-Apr-23
Muktsar,Malout (Kilianwali),Other,Cereals,"1,000.00",2125.0,2125,2125,27-Apr-23
Muktsar,Malout (Kilianwali),Other,Cereals,"1,200.00",2125.0,2125,2125,26-Apr-23
Muktsar,Malout (Kilianwali),Other,Cereals,"2,800.00",2125.0,2125,2125,25-Apr-23
Muktsar,Malout (Kilianwali),Other,Cereals,500,2125.0,2125,2125,24-Apr-23
Muktsar,Malout (Kilianwali),Other,Cereals,"1,900.00",2125.0,2125,2125,23-Apr-23
Muktsar,Malout (Kilianwali),Other,Cereals,"1,500.00",2125.0,2125,2125,22-Apr-23
Muktsar,Malout (Kilianwali),Other,Cereals,"1,000.00",2125.0,2125,2125,21-Apr-23
Muktsar,Malout (Kilianwali),Other,Cereals,"1,300.00",2125.0,2125,2125,20-Apr-23
Muktsar,Malout (Kilianwali),Other,Cereals,255,2125.0,2125,2125,19-Apr-23
Muktsar,Malout (Kilianwali),Other,Cereals,950,2125.0,2125,2125,18-Apr-23
Muktsar,Malout (Kilianwali),Other,Cereals,"2,380.00",2125.0,2125,2125,17-Apr-23
Muktsar,Malout (Kilianwali),Other,Cereals,400,2125.0,2125,2125,16-Apr-23
Muktsar,Malout (Kilianwali),Other,Cereals,920,2125.0,2125,2125,15-Apr-23
Muktsar,Malout (Kilianwali),Other,Cereals,"1,450.00",2015.0,2015,2015,17-Apr-22
Muktsar,Malout (Kilianwali),Other,Cereals,"1,280.00",2015.0,2015,2015,16-Apr-22
Muktsar,Malout (Kilianwali),Other,Cereals,340,2015.0,2015,2015,15-Apr-22
Muktsar,Malout (Kilianwali),Other,Cereals,635,1975.0,1975,1975,09-May-21
Muktsar,Malout (Kilianwali),Other,Cereals,470,1975.0,1975,1975,08-May-21
Muktsar,Malout (Kilianwali),Other,Cereals,"1,300.00",1975.0,1975,1975,04-May-21
Muktsar,Malout (Kilianwali),Other,Cereals,"1,500.00",1975.0,1975,1975,03-May-21
Muktsar,Malout (Kilianwali),Other,Cereals,400,1975.0,1975,1975,02-May-21
Muktsar,Malout (Kilianwali),Other,Cereals,600,1975.0,1975,1975,01-May-21
Muktsar,Malout (Kilianwali),Other,Cereals,"1,000.00",1975.0,1975,1975,30-Apr-21
Muktsar,Malout (Kilianwali),Other,Cereals,"2,050.00",1975.0,1975,1975,29-Apr-21
Muktsar,Malout (Kilianwali),Other,Cereals,"1,750.00",1975.0,1975,1975,28-Apr-21
Muktsar,Malout (Kilianwali),Other,Cereals,601,1975.0,1975,1975,26-Apr-21
Muktsar,Malout (Kilianwali),Other,Cereals,"1,560.00",1975.0,1975,1975,25-Apr-21
Muktsar,Malout (Kilianwali),Other,Cereals,640,1975.0,1975,1975,24-Apr-21
Muktsar,Malout (Kilianwali),Other,Cereals,"1,930.00",1975.0,1975,1975,18-Apr-21
Muktsar,Malout (Kilianwali),Other,Cereals,200,1975.0,1975,1975,17-Apr-21
Muktsar,Malout (Panniwala),Other,Cereals,880,2125.0,2125,2125,10-May-23
Muktsar,Malout (Panniwala),Other,Cereals,390,2125.0,2125,2125,09-May-23
Muktsar,Malout (Panniwala),Other,Cereals,250,2125.0,2125,2125,08-May-23
Muktsar,Malout (Panniwala),Other,Cereals,700,2125.0,2125,2125,07-May-23
Muktsar,Malout (Panniwala),Other,Cereals,800,2125.0,2125,2125,06-May-23
Muktsar,Malout (Panniwala),Other,Cereals,"1,050.00",2125.0,2125,2125,05-May-23
Muktsar,Malout (Panniwala),Other,Cereals,650,2125.0,2125,2125,04-May-23
Muktsar,Malout (Panniwala),Other,Cereals,810,2125.0,2125,2125,03-May-23
Muktsar,Malout (Panniwala),Other,Cereals,"1,100.00",2125.0,2125,2125,02-May-23
Muktsar,Malout (Panniwala),Other,Cereals,150,2125.0,2125,2125,01-May-23
Muktsar,Malout (Panniwala),Other,Cereals,315,2125.0,2125,2125,30-Apr-23
Muktsar,Malout (Panniwala),Other,Cereals,925,2125.0,2125,2125,29-Apr-23
Muktsar,Malout (Panniwala),Other,Cereals,300,2125.0,2125,2125,28-Apr-23
Muktsar,Malout (Panniwala),Other,Cereals,"1,200.00",2125.0,2125,2125,27-Apr-23
Muktsar,Malout (Panniwala),Other,Cereals,200,2125.0,2125,2125,26-Apr-23
Muktsar,Malout (Panniwala),Other,Cereals,900,2125.0,2125,2125,25-Apr-23
Muktsar,Malout (Panniwala),Other,Cereals,"1,100.00",2125.0,2125,2125,24-Apr-23
Muktsar,Malout (Panniwala),Other,Cereals,"2,600.00",2125.0,2125,2125,23-Apr-23
Muktsar,Malout (Panniwala),Other,Cereals,"1,160.00",2125.0,2125,2125,22-Apr-23
Muktsar,Malout (Panniwala),Other,Cereals,990,2125.0,2125,2125,21-Apr-23
Muktsar,Malout (Panniwala),Other,Cereals,500,2125.0,2125,2125,20-Apr-23
Muktsar,Malout (Panniwala),Other,Cereals,80,2125.0,2125,2125,19-Apr-23
Muktsar,Malout (Panniwala),Other,Cereals,800,2125.0,2125,2125,18-Apr-23
Muktsar,Malout (Panniwala),Other,Cereals,800,2125.0,2125,2125,17-Apr-23
Muktsar,Malout (Panniwala),Other,Cereals,700,2125.0,2125,2125,16-Apr-23
Muktsar,Malout (Panniwala),Other,Cereals,40,2125.0,2125,2125,15-Apr-23
Muktsar,Malout (Panniwala),Other,Cereals,"1,350.00",2015.0,2015,2015,17-Apr-22
Muktsar,Malout (Panniwala),Other,Cereals,580,2015.0,2015,2015,16-Apr-22
Muktsar,Malout (Panniwala),Other,Cereals,220,2015.0,2015,2015,15-Apr-22
Muktsar,Malout (Panniwala),Other,Cereals,250,1975.0,1975,1975,09-May-21
Muktsar,Malout (Panniwala),Other,Cereals,250,1975.0,1975,1975,08-May-21
Muktsar,Malout (Panniwala),Other,Cereals,50,1975.0,1975,1975,04-May-21
Muktsar,Malout (Panniwala),Other,Cereals,50,1975.0,1975,1975,03-May-21
Muktsar,Malout (Panniwala),Other,Cereals,100,1975.0,1975,1975,02-May-21
Muktsar,Malout (Panniwala),Other,Cereals,"3,500.00",1975.0,1975,1975,01-May-21
Muktsar,Malout (Panniwala),Other,Cereals,400,1975.0,1975,1975,30-Apr-21
Muktsar,Malout (Panniwala),Other,Cereals,"1,000.00",1975.0,1975,1975,29-Apr-21
Muktsar,Malout (Panniwala),Other,Cereals,"1,750.00",1975.0,1975,1975,28-Apr-21
Muktsar,Malout (Panniwala),Other,Cereals,700,1975.0,1975,1975,26-Apr-21
Muktsar,Malout (Panniwala),Other,Cereals,500,1975.0,1975,1975,25-Apr-21
Muktsar,Malout (Panniwala),Other,Cereals,589.9,1975.0,1975,1975,24-Apr-21
Muktsar,Malout (Panniwala),Other,Cereals,500,1975.0,1975,1975,18-Apr-21
Muktsar,Malout (Panniwala),Other,Cereals,300,1975.0,1975,1975,17-Apr-21
Mansa,Mansa,Other,Cereals,2,2125.0,2125,2125,17-May-23
Mansa,Mansa,Other,Cereals,10,2125.0,2125,2125,16-May-23
Mansa,Mansa,Other,Cereals,133,2125.0,2125,2125,14-May-23
Mansa,Mansa,Other,Cereals,25,2125.0,2125,2125,13-May-23
Mansa,Mansa,Other,Cereals,29,2125.0,2130,2125,09-May-23
Mansa,Mansa,Other,Cereals,45,2125.0,2125,2125,08-May-23
Mansa,Mansa,Other,Cereals,90,2125.0,2125,2125,07-May-23
Mansa,Mansa,Other,Cereals,265,2125.0,2125,2125,06-May-23
Mansa,Mansa,Other,Cereals,215,2125.0,2125,2125,05-May-23
Mansa,Mansa,Other,Cereals,370,2125.0,2125,2125,01-May-23
Mansa,Mansa,Other,Cereals,670,2125.0,2125,2125,30-Apr-23
Mansa,Mansa,Other,Cereals,260,2125.0,2125,2125,29-Apr-23
Mansa,Mansa,Other,Cereals,230,2125.0,2125,2125,27-Apr-23
Mansa,Mansa,Other,Cereals,900,2125.0,2125,2125,26-Apr-23
Mansa,Mansa,Other,Cereals,"1,350.00",2125.0,2125,2125,25-Apr-23
Mansa,Mansa,Other,Cereals,"1,000.00",2125.0,2125,2125,24-Apr-23
Mansa,Mansa,Other,Cereals,850,2125.0,2125,2125,23-Apr-23
Mansa,Mansa,Other,Cereals,"1,450.00",2125.0,2125,2125,22-Apr-23
Mansa,Mansa,Other,Cereals,"1,200.00",2125.0,2125,2125,21-Apr-23
Mansa,Mansa,Other,Cereals,"2,500.00",2125.0,2125,2125,20-Apr-23
Mansa,Mansa,Other,Cereals,"3,300.00",2125.0,2125,2125,19-Apr-23
Mansa,Mansa,Other,Cereals,"3,350.00",2125.0,2125,2125,17-Apr-23
Mansa,Mansa,Other,Cereals,400,2125.0,2125,2125,16-Apr-23
Mansa,Mansa,Other,Cereals,"2,600.00",2125.0,2125,2125,15-Apr-23
Mansa,Mansa,Other,Cereals,"1,530.00",2125.0,2125,2125,14-Apr-23
Mansa,Mansa,Other,Cereals,752,2125.0,2130,2125,13-Apr-23
Mansa,Mansa,Other,Cereals,150,2125.0,2125,2125,12-Apr-23
Mansa,Mansa,Other,Cereals,19,2130.0,2130,2130,11-Apr-23
Mansa,Mansa,Other,Cereals,27,2015.0,2015,2015,31-May-22
Mansa,Mansa,Other,Cereals,40,2015.0,2015,2015,30-May-22
Mansa,Mansa,Other,Cereals,30,2015.0,2015,2015,25-May-22
Mansa,Mansa,Other,Cereals,125,2015.0,2015,2015,21-May-22
Mansa,Mansa,Other,Cereals,5,2015.0,2015,2015,12-May-22
Mansa,Mansa,Other,Cereals,3,2015.0,2015,2015,09-May-22
Mansa,Mansa,Other,Cereals,64,2015.0,2015,2015,08-May-22
Mansa,Mansa,Other,Cereals,90,2015.0,2015,2015,07-May-22
Mansa,Mansa,Other,Cereals,145,2015.0,2020,2015,06-May-22
Mansa,Mansa,Other,Cereals,120,2015.0,2015,2015,03-May-22
Mansa,Mansa,Other,Cereals,570,2015.0,2015,2015,02-May-22
Mansa,Mansa,Other,Cereals,30,2015.0,2015,2015,01-May-22
Mansa,Mansa,Other,Cereals,155,2015.0,2015,2015,30-Apr-22
Mansa,Mansa,Other,Cereals,110,2015.0,2015,2015,29-Apr-22
Mansa,Mansa,Other,Cereals,90,2015.0,2015,2015,28-Apr-22
Mansa,Mansa,Other,Cereals,240,2015.0,2015,2015,27-Apr-22
Mansa,Mansa,Other,Cereals,715,2015.0,2015,2015,26-Apr-22
Mansa,Mansa,Other,Cereals,80,2015.0,2015,2015,25-Apr-22
Mansa,Mansa,Other,Cereals,90,2015.0,2015,2015,24-Apr-22
Mansa,Mansa,Other,Cereals,430,2015.0,2015,2015,23-Apr-22
Mansa,Mansa,Other,Cereals,285,2015.0,2020,2015,22-Apr-22
Mansa,Mansa,Other,Cereals,610,2015.0,2015,2015,21-Apr-22
Mansa,Mansa,Other,Cereals,"1,030.00",2015.0,2015,2015,19-Apr-22
Mansa,Mansa,Other,Cereals,760,2015.0,2015,2015,18-Apr-22
Mansa,Mansa,Other,Cereals,"1,160.00",2015.0,2015,2015,17-Apr-22
Mansa,Mansa,Other,Cereals,"1,250.00",2015.0,2015,2015,16-Apr-22
Mansa,Mansa,Other,Cereals,"2,500.00",2015.0,2015,2015,15-Apr-22
Mansa,Mansa,Other,Cereals,"3,300.00",2015.0,2015,2015,14-Apr-22
Mansa,Mansa,Other,Cereals,"2,350.00",2015.0,2015,2015,13-Apr-22
Mansa,Mansa,Other,Cereals,"2,045.00",2015.0,2015,2015,12-Apr-22
Mansa,Mansa,Other,Cereals,"1,620.00",2015.0,2015,2015,11-Apr-22
Mansa,Mansa,Other,Cereals,773,2015.0,2015,2015,10-Apr-22
Mansa,Mansa,Other,Cereals,142,2015.0,2015,2015,09-Apr-22
Mansa,Mansa,Other,Cereals,20,2015.0,2015,2015,08-Apr-22
Mansa,Mansa,Other,Cereals,596,1975.0,1975,1975,12-May-21
Mansa,Mansa,Other,Cereals,271,1975.0,1975,1975,11-May-21
Mansa,Mansa,Other,Cereals,846,1975.0,1975,1975,10-May-21
Mansa,Mansa,Other,Cereals,768,1975.0,1975,1975,09-May-21
Mansa,Mansa,Other,Cereals,"2,331.00",1975.0,1975,1975,08-May-21
Mansa,Mansa,Other,Cereals,"4,305.00",1975.0,1975,1975,07-May-21
Mansa,Mansa,Other,Cereals,429.8,1975.0,1975,1975,06-May-21
Mansa,Mansa,Other,Cereals,"4,636.00",1975.0,1975,1975,05-May-21
Mansa,Mansa,Other,Cereals,"2,626.00",1975.0,1975,1975,04-May-21
Mansa,Mansa,Other,Cereals,"2,599.00",1975.0,1975,1975,03-May-21
Mansa,Mansa,Other,Cereals,"2,910.00",1975.0,1975,1975,02-May-21
Mansa,Mansa,Other,Cereals,"3,645.00",1975.0,1975,1975,01-May-21
Mansa,Mansa,Other,Cereals,"4,705.00",1975.0,1975,1975,21-Apr-21
Mansa,Mansa,Other,Cereals,"2,490.00",1975.0,1975,1975,20-Apr-21
Mansa,Mansa,Other,Cereals,"9,020.00",1975.0,1975,1975,19-Apr-21
Mansa,Mansa,Other,Cereals,"18,655.00",1975.0,1975,1975,18-Apr-21
Mansa,Mansa,Other,Cereals,"14,970.00",1975.0,1975,1975,17-Apr-21
Mansa,Mansa,Other,Cereals,"10,685.00",1975.0,1975,1975,16-Apr-21
Mansa,Mansa,Other,Cereals,"9,185.00",1975.0,1975,1975,15-Apr-21
Mansa,Mansa,Other,Cereals,"11,570.00",1975.0,1975,1975,14-Apr-21
Mansa,Mansa,Other,Cereals,"15,260.00",1975.0,1975,1975,13-Apr-21
Mansa,Mansa (Khiala kalan),147 Average,Cereals,140,2125.0,2125,2125,06-May-23
Mansa,Mansa (Khiala kalan),147 Average,Cereals,30,2125.0,2125,2125,05-May-23
Mansa,Mansa (Khiala kalan),147 Average,Cereals,140,2125.0,2125,2125,04-May-23
Mansa,Mansa (Khiala kalan),147 Average,Cereals,30,2125.0,2125,2125,01-May-23
Mansa,Mansa (Khiala kalan),147 Average,Cereals,500,2125.0,2125,2125,30-Apr-23
Mansa,Mansa (Khiala kalan),147 Average,Cereals,100,2125.0,2125,2125,29-Apr-23
Mansa,Mansa (Khiala kalan),147 Average,Cereals,50,2125.0,2125,2125,28-Apr-23
Mansa,Mansa (Khiala kalan),147 Average,Cereals,190,2125.0,2125,2125,26-Apr-23
Mansa,Mansa (Khiala kalan),147 Average,Cereals,390,2125.0,2125,2125,25-Apr-23
Mansa,Mansa (Khiala kalan),147 Average,Cereals,20,2125.0,2125,2125,24-Apr-23
Mansa,Mansa (Khiala kalan),147 Average,Cereals,100,2125.0,2125,2125,23-Apr-23
Mansa,Mansa (Khiala kalan),147 Average,Cereals,"1,000.00",2125.0,2125,2125,22-Apr-23
Mansa,Mansa (Khiala kalan),147 Average,Cereals,"1,500.00",2125.0,2125,2125,21-Apr-23
Mansa,Mansa (Khiala kalan),147 Average,Cereals,"1,000.00",2125.0,2125,2125,20-Apr-23
Mansa,Mansa (Khiala kalan),147 Average,Cereals,"1,000.00",2125.0,2125,2125,19-Apr-23
Mansa,Mansa (Khiala kalan),147 Average,Cereals,5,2015.0,2015,2015,07-May-22
Mansa,Mansa (Khiala kalan),147 Average,Cereals,150,2015.0,2015,2015,02-May-22
Mansa,Mansa (Khiala kalan),147 Average,Cereals,250,2015.0,2015,2015,27-Apr-22
Mansa,Mansa (Khiala kalan),147 Average,Cereals,200,2015.0,2015,2015,26-Apr-22
Mansa,Mansa (Khiala kalan),147 Average,Cereals,100,2015.0,2015,2015,25-Apr-22
Mansa,Mansa (Khiala kalan),147 Average,Cereals,100,2015.0,2015,2015,24-Apr-22
Mansa,Mansa (Khiala kalan),147 Average,Cereals,250,2015.0,2015,2015,23-Apr-22
Mansa,Mansa (Khiala kalan),147 Average,Cereals,"3,000.00",2015.0,2015,2015,22-Apr-22
Mansa,Mansa (Khiala kalan),147 Average,Cereals,125,1975.0,1975,1975,07-May-21
Mansa,Mansa (Khiala kalan),147 Average,Cereals,250,1975.0,1975,1975,06-May-21
Mansa,Mansa (Khiala kalan),147 Average,Cereals,200,1975.0,1975,1975,05-May-21
Mansa,Mansa (Khiala kalan),147 Average,Cereals,350,1975.0,1975,1975,04-May-21
Mansa,Mansa (Khiala kalan),147 Average,Cereals,140,1975.0,1975,1975,03-May-21
Mansa,Mansa (Khiala kalan),147 Average,Cereals,350,1975.0,1975,1975,02-May-21
Mansa,Mansa (Khiala kalan),147 Average,Cereals,195,1975.0,1975,1975,01-May-21
Mansa,Mansa (Khiala kalan),147 Average,Cereals,140,1975.0,1975,1975,30-Apr-21
Mansa,Mansa (Khiala kalan),147 Average,Cereals,105,1975.0,1975,1975,29-Apr-21
Mansa,Mansa (Khiala kalan),147 Average,Cereals,130,1975.0,1975,1975,28-Apr-21
Mansa,Mansa (Khiala kalan),147 Average,Cereals,450,1975.0,1975,1975,27-Apr-21
Mansa,Mansa (Khiala kalan),147 Average,Cereals,200,1975.0,1975,1975,26-Apr-21
Mansa,Mansa (Khiala kalan),147 Average,Cereals,250,1975.0,1975,1975,25-Apr-21
Mansa,Mansa (Khiala kalan),147 Average,Cereals,20,1975.0,1975,1975,24-Apr-21
Mansa,Mansa (Khiala kalan),147 Average,Cereals,200,1975.0,1975,1975,23-Apr-21
Mansa,Mansa (Khiala kalan),147 Average,Cereals,200,1975.0,1975,1975,22-Apr-21
Mansa,Mansa (Khiala kalan),147 Average,Cereals,150,1975.0,1975,1975,21-Apr-21
Mansa,Mansa (Khiala kalan),147 Average,Cereals,120,1975.0,1975,1975,20-Apr-21
Mansa,Mansa(Ubha Buraj Dhilwan),Other,Cereals,35,2015.0,2015,2015,08-May-22
Mansa,Mansa(Ubha Buraj Dhilwan),Other,Cereals,70,2015.0,2015,2015,07-May-22
Mansa,Mansa(Ubha Buraj Dhilwan),Other,Cereals,95,2015.0,2015,2015,03-May-22
Mansa,Mansa(Ubha Buraj Dhilwan),Other,Cereals,125,2015.0,2015,2015,02-May-22
Mansa,Mansa(Ubha Buraj Dhilwan),Other,Cereals,190,2015.0,2015,2015,01-May-22
Mansa,Mansa(Ubha Buraj Dhilwan),Other,Cereals,70,2015.0,2015,2015,27-Apr-22
Mansa,Mansa(Ubha Buraj Dhilwan),Other,Cereals,200,2015.0,2015,2015,26-Apr-22
Mansa,Mansa(Ubha Buraj Dhilwan),Other,Cereals,80,2015.0,2015,2015,25-Apr-22
Mansa,Mansa(Ubha Buraj Dhilwan),Other,Cereals,300,2015.0,2015,2015,24-Apr-22
Mansa,Mansa(Ubha Buraj Dhilwan),Other,Cereals,400,2015.0,2015,2015,23-Apr-22
Mansa,Mansa(Ubha Buraj Dhilwan),Other,Cereals,300,2015.0,2015,2015,22-Apr-22
Mansa,Mansa(Ubha Buraj Dhilwan),Other,Cereals,"1,100.00",2015.0,2015,2015,18-Apr-22
Mansa,Mansa(Ubha Buraj Dhilwan),Other,Cereals,900,2015.0,2015,2015,17-Apr-22
Mansa,Mansa(Ubha Buraj Dhilwan),Other,Cereals,"1,200.00",2015.0,2015,2015,16-Apr-22
Mansa,Mansa(Ubha Buraj Dhilwan),Other,Cereals,"1,000.00",2015.0,2015,2015,15-Apr-22
Mansa,Mansa(Ubha Buraj Dhilwan),Other,Cereals,50,1975.0,1975,1975,08-May-21
Mansa,Mansa(Ubha Buraj Dhilwan),Other,Cereals,125,1975.0,1975,1975,07-May-21
Mansa,Mansa(Ubha Buraj Dhilwan),Other,Cereals,125,1975.0,1975,1975,06-May-21
Mansa,Mansa(Ubha Buraj Dhilwan),Other,Cereals,400,1975.0,1975,1975,05-May-21
Mansa,Mansa(Ubha Buraj Dhilwan),Other,Cereals,150,1975.0,1975,1975,03-May-21
Mansa,Mansa(Ubha Buraj Dhilwan),Other,Cereals,100,1975.0,1975,1975,02-May-21
Mansa,Mansa(Ubha Buraj Dhilwan),Other,Cereals,350,1975.0,1975,1975,01-May-21
Mansa,Mansa(Ubha Buraj Dhilwan),Other,Cereals,235,1975.0,1975,1975,30-Apr-21
Mansa,Mansa(Ubha Buraj Dhilwan),Other,Cereals,160,1975.0,1975,1975,29-Apr-21
Mansa,Mansa(Ubha Buraj Dhilwan),Other,Cereals,245,1975.0,1975,1975,27-Apr-21
Mansa,Mansa(Ubha Buraj Dhilwan),Other,Cereals,290,1975.0,1975,1975,26-Apr-21
Mansa,Mansa(Ubha Buraj Dhilwan),Other,Cereals,300,1975.0,1975,1975,25-Apr-21
Mansa,Mansa(Ubha Buraj Dhilwan),Other,Cereals,300,1975.0,1975,1975,24-Apr-21
Mansa,Mansa(Ubha Buraj Dhilwan),Other,Cereals,190,1975.0,1975,1975,23-Apr-21
Mansa,Mansa(Ubha Buraj Dhilwan),Other,Cereals,250,1975.0,1975,1975,20-Apr-21
Moga,Moga,Other,Cereals,"4,205.10",1975.0,1975,1975,29-Apr-21
Moga,Moga,Other,Cereals,"11,231.20",1975.0,1975,1975,27-Apr-21
Moga,Moga,Other,Cereals,"96,169.60",1975.0,1975,1975,24-Apr-21
Moga,Moga,Other,Cereals,"87,471.70",1975.0,1975,1975,23-Apr-21
Moga,Moga,Other,Cereals,"99,889.40",1975.0,1975,1975,18-Apr-21
Moga,Moga,Other,Cereals,"41,566.00",1975.0,1975,1975,17-Apr-21
Moga,Moga,Other,Cereals,"9,669.60",1975.0,1975,1975,15-Apr-21
Moga,Moga,Other,Cereals,"3,247.60",1975.0,1975,1975,14-Apr-21
Muktsar,Muktsar,1482,Cereals,"58,165.00",1975.0,1975,1975,17-Apr-21
Mansa,Sardulgarh,Other,Cereals,287,1975.0,1975,1975,13-May-21
Mansa,Sardulgarh,Other,Cereals,360,1975.0,1975,1975,10-May-21
Mansa,Sardulgarh,Other,Cereals,"2,315.00",1975.0,1975,1975,06-May-21
Mansa,Sardulgarh,Other,Cereals,"4,300.00",1975.0,1975,1975,26-Apr-21
Mansa,Sardulgarh,Other,Cereals,"2,495.00",1975.0,1975,1975,25-Apr-21
Mansa,Sardulgarh,Other,Cereals,"3,795.00",1975.0,1975,1975,24-Apr-21
Mansa,Sardulgarh,Other,Cereals,"4,632.00",1975.0,1975,1975,23-Apr-21
Mansa,Sardulgarh,Other,Cereals,"3,456.00",1975.0,1975,1975,22-Apr-21
Mansa,Sardulgarh,Other,Cereals,"4,860.00",1975.0,1975,1975,20-Apr-21
Mansa,Sardulgarh,Other,Cereals,"7,570.00",1975.0,1975,1975,17-Apr-21
Mansa,Sardulgarh,Other,Cereals,"5,770.00",1975.0,1975,1975,16-Apr-21
Mansa,Sardulgarh,Other,Cereals,"8,365.00",1975.0,1975,1975,15-Apr-21
Mansa,Sardulgarh,Other,Cereals,"6,890.00",1975.0,1975,1975,14-Apr-21
Mansa,Sardulgarh,Other,Cereals,"5,880.00",1975.0,1975,1975,13-Apr-21
Mansa,Sardulgarh,Other,Cereals,"6,030.00",1975.0,1975,1975,12-Apr-21
Mansa,Sardulgarh,Other,Cereals,900,1975.0,1975,1975,10-Apr-21
